"","bin1","bin2","date","dateLocal","monthLocal","dayLocal","year","DEW","TAIR","RELH","PRES","station","model"
"1",1040,1045,2020-07-13,2020-07-13,"07","13","2020",20.7,27.3,67,942.37,"MANG","pre_hb"
"2",1045,1050,2020-07-13,2020-07-13,"07","13","2020",20.6,27.2,67,942.24,"MANG","pre_hb"
"3",1050,1055,2020-07-13,2020-07-13,"07","13","2020",20.6,27.2,67,942.08,"MANG","pre_hb"
"4",1055,1060,2020-07-13,2020-07-13,"07","13","2020",20.7,27.1,68,941.95,"MANG","pre_hb"
"5",1060,1065,2020-07-13,2020-07-13,"07","13","2020",20.7,27.1,68,941.87,"MANG","pre_hb"
"6",1065,1070,2020-07-13,2020-07-13,"07","13","2020",20.9,27.1,69,941.78,"MANG","pre_hb"
"7",1070,1075,2020-07-13,2020-07-13,"07","13","2020",20.9,27.1,69,941.78,"MANG","pre_hb"
"8",1075,1080,2020-07-13,2020-07-13,"07","13","2020",20.9,27.1,69,941.79,"MANG","pre_hb"
"9",1080,1085,2020-07-13,2020-07-13,"07","13","2020",21.1,27.1,70,941.9,"MANG","pre_hb"
"10",1085,1090,2020-07-13,2020-07-13,"07","13","2020",21.1,27.1,70,941.99,"MANG","pre_hb"
"11",1090,1095,2020-07-13,2020-07-13,"07","13","2020",21,27,70,942.12,"MANG","pre_hb"
"12",1095,1100,2020-07-13,2020-07-13,"07","13","2020",21.2,27,71,942.2,"MANG","pre_hb"
"13",1100,1105,2020-07-13,2020-07-13,"07","13","2020",21.2,27,71,942.11,"MANG","pre_hb"
"14",1105,1110,2020-07-13,2020-07-13,"07","13","2020",21.1,26.9,71,942.03,"MANG","pre_hb"
"15",1110,1115,2020-07-13,2020-07-13,"07","13","2020",21.2,27,71,941.94,"MANG","pre_hb"
"16",1115,1120,2020-07-13,2020-07-13,"07","13","2020",21.1,26.9,71,941.9,"MANG","pre_hb"
"17",1120,1125,2020-07-13,2020-07-13,"07","13","2020",21.2,27,71,941.99,"MANG","pre_hb"
"18",1125,1130,2020-07-13,2020-07-13,"07","13","2020",21.2,27,71,942.1,"MANG","pre_hb"
"19",1130,1135,2020-07-13,2020-07-13,"07","13","2020",21.2,27,71,942.14,"MANG","pre_hb"
"20",1135,1140,2020-07-13,2020-07-13,"07","13","2020",21.1,26.9,71,942.15,"MANG","pre_hb"
"21",1140,1145,2020-07-13,2020-07-13,"07","13","2020",21.2,27,71,942.12,"MANG","pre_hb"
"22",1145,1150,2020-07-13,2020-07-13,"07","13","2020",21.1,26.9,71,942.14,"MANG","pre_hb"
"23",1150,1155,2020-07-13,2020-07-13,"07","13","2020",21.1,26.9,71,942.09,"MANG","pre_hb"
"24",1155,1160,2020-07-13,2020-07-13,"07","13","2020",21.1,26.9,71,941.97,"MANG","pre_hb"
"25",1160,1165,2020-07-13,2020-07-13,"07","13","2020",21.1,26.9,71,941.91,"MANG","pre_hb"
"26",1165,1170,2020-07-13,2020-07-13,"07","13","2020",21.1,26.9,71,941.93,"MANG","pre_hb"
"27",1170,1175,2020-07-13,2020-07-13,"07","13","2020",21.2,27,71,941.91,"MANG","pre_hb"
"28",1175,1180,2020-07-13,2020-07-13,"07","13","2020",21.2,27,71,941.85,"MANG","pre_hb"
"29",1180,1185,2020-07-13,2020-07-13,"07","13","2020",21.2,27,71,941.81,"MANG","pre_hb"
"30",1185,1190,2020-07-13,2020-07-13,"07","13","2020",21.1,26.9,71,941.67,"MANG","pre_hb"
"31",1190,1195,2020-07-13,2020-07-13,"07","13","2020",21.1,26.9,71,941.58,"MANG","pre_hb"
"32",1195,1200,2020-07-13,2020-07-13,"07","13","2020",21.1,26.9,71,941.57,"MANG","pre_hb"
"33",1200,1205,2020-07-13,2020-07-13,"07","13","2020",21.1,26.9,71,941.34,"MANG","pre_hb"
"34",1205,1210,2020-07-13,2020-07-13,"07","13","2020",21.1,26.9,71,941.21,"MANG","pre_hb"
"35",1210,1215,2020-07-13,2020-07-13,"07","13","2020",21.1,26.9,71,941.13,"MANG","pre_hb"
"36",1215,1220,2020-07-13,2020-07-13,"07","13","2020",21,26.8,71,941.13,"MANG","pre_hb"
"37",1220,1225,2020-07-13,2020-07-13,"07","13","2020",21,26.8,71,941.15,"MANG","pre_hb"
"38",1225,1230,2020-07-13,2020-07-13,"07","13","2020",20.8,26.8,70,941.12,"MANG","pre_hb"
"39",1230,1235,2020-07-13,2020-07-13,"07","13","2020",20.8,26.8,70,941.13,"MANG","pre_hb"
"40",1235,1240,2020-07-13,2020-07-13,"07","13","2020",20.8,26.8,70,941.14,"MANG","pre_hb"
"41",1240,1245,2020-07-13,2020-07-13,"07","13","2020",20.8,26.8,70,941.28,"MANG","pre_hb"
"42",1245,1250,2020-07-13,2020-07-13,"07","13","2020",20.8,26.8,70,941.28,"MANG","pre_hb"
"43",1250,1255,2020-07-13,2020-07-13,"07","13","2020",20.8,26.8,70,941.68,"MANG","pre_hb"
"44",1255,1260,2020-07-13,2020-07-13,"07","13","2020",20.8,26.8,70,943.08,"MANG","pre_hb"
"45",1260,1265,2020-07-13,2020-07-13,"07","13","2020",20.9,26.7,71,943.87,"MANG","pre_hb"
"46",1265,1270,2020-07-13,2020-07-13,"07","13","2020",21,26.8,71,943.83,"MANG","pre_hb"
"47",1270,1275,2020-07-13,2020-07-13,"07","13","2020",21,26.8,71,942.82,"MANG","pre_hb"
"48",1275,1280,2020-07-13,2020-07-13,"07","13","2020",20.9,26.9,70,942.82,"MANG","pre_hb"
"49",1280,1285,2020-07-13,2020-07-13,"07","13","2020",20.8,26.8,70,943.71,"MANG","pre_hb"
"50",1285,1290,2020-07-13,2020-07-13,"07","13","2020",20.9,26.9,70,943.83,"MANG","pre_hb"
"51",1290,1295,2020-07-13,2020-07-13,"07","13","2020",20.8,27,69,943.53,"MANG","pre_hb"
"52",1295,1300,2020-07-13,2020-07-13,"07","13","2020",20.8,27,69,943.24,"MANG","pre_hb"
"53",1300,1305,2020-07-13,2020-07-13,"07","13","2020",20.7,27.1,68,943.36,"MANG","pre_hb"
"54",1305,1310,2020-07-13,2020-07-13,"07","13","2020",20.7,27.1,68,943.37,"MANG","pre_hb"
"55",1310,1315,2020-07-13,2020-07-13,"07","13","2020",20.8,27.4,67,942.87,"MANG","pre_hb"
"56",1315,1320,2020-07-13,2020-07-13,"07","13","2020",20.9,27.5,67,942.45,"MANG","pre_hb"
"57",1320,1325,2020-07-13,2020-07-13,"07","13","2020",20.5,26.7,69,942.35,"MANG","pre_hb"
"58",1325,1330,2020-07-13,2020-07-13,"07","13","2020",20.8,26.8,70,942.39,"MANG","pre_hb"
"59",1330,1335,2020-07-13,2020-07-13,"07","13","2020",20.7,26.9,69,942.1,"MANG","pre_hb"
"60",1335,1340,2020-07-13,2020-07-13,"07","13","2020",20.6,27,68,941.54,"MANG","pre_hb"
"61",1340,1345,2020-07-13,2020-07-13,"07","13","2020",20.6,27,68,941.34,"MANG","pre_hb"
"62",1345,1350,2020-07-13,2020-07-13,"07","13","2020",20.6,27,68,941.45,"MANG","pre_hb"
"63",1350,1355,2020-07-13,2020-07-13,"07","13","2020",20.6,27,68,941.58,"MANG","pre_hb"
"64",1355,1360,2020-07-13,2020-07-13,"07","13","2020",20.6,26.8,69,942.09,"MANG","pre_hb"
"65",1360,1365,2020-07-13,2020-07-13,"07","13","2020",20.6,26.8,69,942.02,"MANG","pre_hb"
"66",1365,1370,2020-07-13,2020-07-13,"07","13","2020",20.5,26.7,69,941.83,"MANG","pre_hb"
"67",1370,1375,2020-07-13,2020-07-13,"07","13","2020",20.5,26.7,69,941.64,"MANG","pre_hb"
"68",1375,1380,2020-07-13,2020-07-13,"07","13","2020",20.4,26.6,69,941.44,"MANG","pre_hb"
"69",1380,1385,2020-07-13,2020-07-13,"07","13","2020",20.3,26.5,69,941.31,"MANG","pre_hb"
"70",1385,1390,2020-07-13,2020-07-13,"07","13","2020",20.4,26.4,70,941.54,"MANG","pre_hb"
"71",1390,1395,2020-07-13,2020-07-13,"07","13","2020",20.4,26.4,70,941.42,"MANG","pre_hb"
"72",1395,1400,2020-07-13,2020-07-13,"07","13","2020",20.5,26.3,71,941.63,"MANG","pre_hb"
"73",1400,1405,2020-07-13,2020-07-13,"07","13","2020",20.4,26.2,71,941.88,"MANG","pre_hb"
"74",1405,1410,2020-07-13,2020-07-13,"07","13","2020",20.4,26.2,71,942.2,"MANG","pre_hb"
"75",1410,1415,2020-07-13,2020-07-13,"07","13","2020",20.4,26,72,942.13,"MANG","pre_hb"
"76",1415,1420,2020-07-13,2020-07-13,"07","13","2020",20.2,25.6,73,942.03,"MANG","pre_hb"
"77",1420,1425,2020-07-13,2020-07-13,"07","13","2020",20.3,25.5,74,941.75,"MANG","pre_hb"
"78",1425,1430,2020-07-13,2020-07-13,"07","13","2020",20.3,25.5,74,941.76,"MANG","pre_hb"
"79",1430,1435,2020-07-13,2020-07-13,"07","13","2020",20.3,25.3,75,941.62,"MANG","pre_hb"
"80",1435,1440,2020-07-13,2020-07-13,"07","13","2020",20.3,25.1,76,941.67,"MANG","pre_hb"
"81",0,5,2020-07-13,2020-07-13,"07","13","2020",20.5,25.3,76,941.77,"MANG","pre_hb"
"82",5,10,2020-07-13,2020-07-13,"07","13","2020",20.5,25.3,76,941.66,"MANG","pre_hb"
"83",10,15,2020-07-13,2020-07-13,"07","13","2020",20.6,25.2,77,941.51,"MANG","pre_hb"
"84",15,20,2020-07-13,2020-07-13,"07","13","2020",20.7,25.1,78,941.41,"MANG","pre_hb"
"85",20,25,2020-07-13,2020-07-13,"07","13","2020",20.8,25,79,941.12,"MANG","pre_hb"
"86",25,30,2020-07-13,2020-07-13,"07","13","2020",21,24.8,81,941.12,"MANG","pre_hb"
"87",30,35,2020-07-13,2020-07-13,"07","13","2020",20.8,24.6,81,941.29,"MANG","pre_hb"
"88",35,40,2020-07-13,2020-07-13,"07","13","2020",20.7,24.3,82,941.39,"MANG","pre_hb"
"89",40,45,2020-07-13,2020-07-13,"07","13","2020",20.7,24.1,83,941.36,"MANG","pre_hb"
"90",45,50,2020-07-13,2020-07-13,"07","13","2020",20.6,24,83,941.53,"MANG","pre_hb"
"91",50,55,2020-07-13,2020-07-13,"07","13","2020",20.6,24,83,941.67,"MANG","pre_hb"
"92",55,60,2020-07-13,2020-07-13,"07","13","2020",20.7,23.9,84,941.42,"MANG","pre_hb"
"93",60,65,2020-07-13,2020-07-13,"07","13","2020",20.7,23.9,84,941.26,"MANG","pre_hb"
"94",65,70,2020-07-13,2020-07-13,"07","13","2020",20.4,23.8,83,941.17,"MANG","pre_hb"
"95",70,75,2020-07-13,2020-07-13,"07","13","2020",20.5,23.9,83,941.25,"MANG","pre_hb"
"96",75,80,2020-07-13,2020-07-13,"07","13","2020",20.6,24.2,82,941.24,"MANG","pre_hb"
"97",80,85,2020-07-13,2020-07-13,"07","13","2020",20.5,24.3,81,941.32,"MANG","pre_hb"
"98",85,90,2020-07-13,2020-07-13,"07","13","2020",20.5,24.3,81,941.4,"MANG","pre_hb"
"99",90,95,2020-07-13,2020-07-13,"07","13","2020",20.6,24.2,82,941.29,"MANG","pre_hb"
"100",95,100,2020-07-13,2020-07-13,"07","13","2020",20.6,24.2,82,941.32,"MANG","pre_hb"
"101",100,105,2020-07-13,2020-07-13,"07","13","2020",20.9,24.5,82,941.35,"MANG","pre_hb"
"102",105,110,2020-07-13,2020-07-13,"07","13","2020",20.9,25.1,79,941.44,"MANG","pre_hb"
"103",110,115,2020-07-13,2020-07-13,"07","13","2020",20.9,25.3,78,941.78,"MANG","pre_hb"
"104",115,120,2020-07-13,2020-07-13,"07","13","2020",21,25.6,77,941.89,"MANG","pre_hb"
"105",120,125,2020-07-13,2020-07-13,"07","13","2020",21.2,25.6,78,941.89,"MANG","pre_hb"
"106",125,130,2020-07-13,2020-07-13,"07","13","2020",21.1,25.7,77,942.05,"MANG","pre_hb"
"107",130,135,2020-07-13,2020-07-13,"07","13","2020",21.2,26,76,942.24,"MANG","pre_hb"
"108",135,140,2020-07-13,2020-07-13,"07","13","2020",21.3,26.3,75,942.35,"MANG","pre_hb"
"109",140,145,2020-07-13,2020-07-13,"07","13","2020",21.4,26.6,74,942.41,"MANG","pre_hb"
"110",145,150,2020-07-13,2020-07-13,"07","13","2020",21.6,27.2,72,942.25,"MANG","pre_hb"
"111",150,155,2020-07-13,2020-07-13,"07","13","2020",21.4,27,72,942.15,"MANG","pre_hb"
"112",155,160,2020-07-13,2020-07-13,"07","13","2020",21.7,27.5,71,942.16,"MANG","pre_hb"
"113",160,165,2020-07-13,2020-07-13,"07","13","2020",21.5,27.1,72,942.2,"MANG","pre_hb"
"114",165,170,2020-07-13,2020-07-13,"07","13","2020",21.7,27.5,71,942.22,"MANG","pre_hb"
"115",170,175,2020-07-13,2020-07-13,"07","13","2020",21.9,28.1,69,942.12,"MANG","pre_hb"
"116",175,180,2020-07-13,2020-07-13,"07","13","2020",21.5,27.9,68,942.12,"MANG","pre_hb"
"117",180,185,2020-07-13,2020-07-13,"07","13","2020",21.7,27.9,69,942.13,"MANG","pre_hb"
"118",185,190,2020-07-13,2020-07-13,"07","13","2020",21.6,27.8,69,942.07,"MANG","pre_hb"
"119",190,195,2020-07-13,2020-07-13,"07","13","2020",21.5,27.7,69,941.79,"MANG","pre_hb"
"120",195,200,2020-07-13,2020-07-13,"07","13","2020",21.4,27.6,69,941.69,"MANG","pre_hb"
"121",200,205,2020-07-13,2020-07-13,"07","13","2020",21.6,27.6,70,941.71,"MANG","pre_hb"
"122",205,210,2020-07-13,2020-07-13,"07","13","2020",21.6,27.8,69,941.86,"MANG","pre_hb"
"123",210,215,2020-07-13,2020-07-13,"07","13","2020",21.9,28.1,69,941.98,"MANG","pre_hb"
"124",215,220,2020-07-13,2020-07-13,"07","13","2020",22.5,29.5,65,942,"MANG","pre_hb"
"125",220,225,2020-07-13,2020-07-13,"07","13","2020",22,29.4,63,941.98,"MANG","pre_hb"
"126",225,230,2020-07-13,2020-07-13,"07","13","2020",21.9,28.9,65,942.01,"MANG","pre_hb"
"127",230,235,2020-07-13,2020-07-13,"07","13","2020",21.9,28.7,66,942.17,"MANG","pre_hb"
"128",235,240,2020-07-13,2020-07-13,"07","13","2020",21.6,28.4,66,942.31,"MANG","pre_hb"
"129",240,245,2020-07-13,2020-07-13,"07","13","2020",21.9,28.5,67,942.27,"MANG","pre_hb"
"130",245,250,2020-07-13,2020-07-13,"07","13","2020",22,28.8,66,942.25,"MANG","pre_hb"
"131",250,255,2020-07-13,2020-07-13,"07","13","2020",22.3,29.3,65,942.24,"MANG","pre_hb"
"132",255,260,2020-07-13,2020-07-13,"07","13","2020",22.7,30.1,63,942.15,"MANG","pre_hb"
"133",260,265,2020-07-13,2020-07-13,"07","13","2020",22.6,30,63,942.08,"MANG","pre_hb"
"134",265,270,2020-07-13,2020-07-13,"07","13","2020",22.7,30.1,63,941.96,"MANG","pre_hb"
"135",270,275,2020-07-13,2020-07-13,"07","13","2020",23,30.8,61,941.95,"MANG","pre_hb"
"136",275,280,2020-07-13,2020-07-13,"07","13","2020",23.1,31.3,59,941.89,"MANG","pre_hb"
"137",280,285,2020-07-13,2020-07-13,"07","13","2020",22.8,31,59,941.87,"MANG","pre_hb"
"138",285,290,2020-07-13,2020-07-13,"07","13","2020",23.1,31.3,59,941.76,"MANG","pre_hb"
"139",290,295,2020-07-13,2020-07-13,"07","13","2020",23.2,31.8,57,941.65,"MANG","pre_hb"
"140",295,300,2020-07-13,2020-07-13,"07","13","2020",23.3,32.1,56,941.74,"MANG","pre_hb"
"141",300,305,2020-07-13,2020-07-13,"07","13","2020",23.2,32.4,54,941.67,"MANG","pre_hb"
"142",305,310,2020-07-13,2020-07-13,"07","13","2020",23.3,32.3,55,941.59,"MANG","pre_hb"
"143",310,315,2020-07-13,2020-07-13,"07","13","2020",23.8,33.2,53,941.58,"MANG","pre_hb"
"144",315,320,2020-07-13,2020-07-13,"07","13","2020",23.6,33.2,52,941.56,"MANG","pre_hb"
"145",320,325,2020-07-13,2020-07-13,"07","13","2020",23.2,33,51,941.49,"MANG","pre_hb"
"146",325,330,2020-07-13,2020-07-13,"07","13","2020",23.4,33.2,51,941.4,"MANG","pre_hb"
"147",330,335,2020-07-13,2020-07-13,"07","13","2020",23.2,33,51,941.37,"MANG","pre_hb"
"148",335,340,2020-07-13,2020-07-13,"07","13","2020",23.6,33.8,49,941.3,"MANG","pre_hb"
"149",340,345,2020-07-13,2020-07-13,"07","13","2020",23.8,34.4,47,941.28,"MANG","pre_hb"
"150",345,350,2020-07-13,2020-07-13,"07","13","2020",23.4,34.2,46,941.25,"MANG","pre_hb"
"151",350,355,2020-07-13,2020-07-13,"07","13","2020",23.9,34.9,45,941.16,"MANG","pre_hb"
"152",355,360,2020-07-13,2020-07-13,"07","13","2020",23.4,34.8,43,941.12,"MANG","pre_hb"
"153",360,365,2020-07-13,2020-07-13,"07","13","2020",23.8,35.6,41,941.01,"MANG","pre_hb"
"154",365,370,2020-07-13,2020-07-13,"07","13","2020",23.6,35.2,42,940.91,"MANG","pre_hb"
"155",370,375,2020-07-13,2020-07-13,"07","13","2020",23.1,35.1,40,940.77,"MANG","pre_hb"
"156",375,380,2020-07-13,2020-07-13,"07","13","2020",23.4,35.2,41,940.67,"MANG","pre_hb"
"157",380,385,2020-07-13,2020-07-13,"07","13","2020",24.1,36.1,40,940.65,"MANG","pre_hb"
"158",385,390,2020-07-13,2020-07-13,"07","13","2020",24,36,40,940.65,"MANG","pre_hb"
"159",390,395,2020-07-13,2020-07-13,"07","13","2020",24.3,36.3,40,940.65,"MANG","pre_hb"
"160",395,400,2020-07-13,2020-07-13,"07","13","2020",24.5,36.7,39,940.6,"MANG","pre_hb"
"161",400,405,2020-07-13,2020-07-13,"07","13","2020",24.1,36.3,39,940.5,"MANG","pre_hb"
"162",405,410,2020-07-13,2020-07-13,"07","13","2020",24.5,36.9,38,940.35,"MANG","pre_hb"
"163",410,415,2020-07-13,2020-07-13,"07","13","2020",24.7,37.3,37,940.3,"MANG","pre_hb"
"164",415,420,2020-07-13,2020-07-13,"07","13","2020",24.6,37.2,37,940.24,"MANG","pre_hb"
"165",420,425,2020-07-13,2020-07-13,"07","13","2020",24.2,36.8,37,940.14,"MANG","pre_hb"
"166",425,430,2020-07-13,2020-07-13,"07","13","2020",25.2,38.2,35,940.09,"MANG","pre_hb"
"167",430,435,2020-07-13,2020-07-13,"07","13","2020",25.1,38.3,34,940.03,"MANG","pre_hb"
"168",435,440,2020-07-13,2020-07-13,"07","13","2020",25.4,38.8,33,939.92,"MANG","pre_hb"
"169",440,445,2020-07-13,2020-07-13,"07","13","2020",25.3,39.1,31,939.89,"MANG","pre_hb"
"170",445,450,2020-07-13,2020-07-13,"07","13","2020",24.9,39.1,29,939.87,"MANG","pre_hb"
"171",450,455,2020-07-13,2020-07-13,"07","13","2020",25.1,39.1,30,939.82,"MANG","pre_hb"
"172",455,460,2020-07-13,2020-07-13,"07","13","2020",25.4,39.2,31,939.76,"MANG","pre_hb"
"173",460,465,2020-07-13,2020-07-13,"07","13","2020",25.7,39.3,32,939.72,"MANG","pre_hb"
"174",465,470,2020-07-13,2020-07-13,"07","13","2020",25.4,38.8,33,939.71,"MANG","pre_hb"
"175",470,475,2020-07-13,2020-07-13,"07","13","2020",25.6,39.2,32,939.62,"MANG","pre_hb"
"176",475,480,2020-07-13,2020-07-13,"07","13","2020",25.6,39.2,32,939.58,"MANG","pre_hb"
"177",480,485,2020-07-13,2020-07-13,"07","13","2020",25.2,39,31,939.53,"MANG","pre_hb"
"178",485,490,2020-07-13,2020-07-13,"07","13","2020",25.7,39.9,29,939.46,"MANG","pre_hb"
"179",490,495,2020-07-13,2020-07-13,"07","13","2020",25.5,39.7,29,939.39,"MANG","pre_hb"
"180",495,500,2020-07-13,2020-07-13,"07","13","2020",25.6,40,28,939.31,"MANG","pre_hb"
"181",500,505,2020-07-13,2020-07-13,"07","13","2020",25.8,40.4,27,939.27,"MANG","pre_hb"
"182",505,510,2020-07-13,2020-07-13,"07","13","2020",25.2,40.2,25,939.19,"MANG","pre_hb"
"183",510,515,2020-07-13,2020-07-13,"07","13","2020",25.6,40.4,26,939.14,"MANG","pre_hb"
"184",515,520,2020-07-13,2020-07-13,"07","13","2020",25.5,40.7,24,939.09,"MANG","pre_hb"
"185",520,525,2020-07-13,2020-07-13,"07","13","2020",25.4,40.8,23,939,"MANG","pre_hb"
"186",525,530,2020-07-13,2020-07-13,"07","13","2020",25.5,40.9,23,938.94,"MANG","pre_hb"
"187",530,535,2020-07-13,2020-07-13,"07","13","2020",25.2,40.8,22,938.87,"MANG","pre_hb"
"188",535,540,2020-07-13,2020-07-13,"07","13","2020",25.3,40.9,22,938.83,"MANG","pre_hb"
"189",540,545,2020-07-13,2020-07-13,"07","13","2020",25.2,40.8,22,938.75,"MANG","pre_hb"
"190",545,550,2020-07-13,2020-07-13,"07","13","2020",25,40.6,22,938.67,"MANG","pre_hb"
"191",550,555,2020-07-13,2020-07-13,"07","13","2020",25.3,40.9,22,938.61,"MANG","pre_hb"
"192",555,560,2020-07-13,2020-07-13,"07","13","2020",25.4,41,22,938.53,"MANG","pre_hb"
"193",560,565,2020-07-13,2020-07-13,"07","13","2020",25.5,40.9,23,938.45,"MANG","pre_hb"
"194",565,570,2020-07-13,2020-07-13,"07","13","2020",25.6,40.6,25,938.44,"MANG","pre_hb"
"195",570,575,2020-07-13,2020-07-13,"07","13","2020",25.7,40.9,24,938.4,"MANG","pre_hb"
"196",575,580,2020-07-13,2020-07-13,"07","13","2020",25.4,40.6,24,938.31,"MANG","pre_hb"
"197",580,585,2020-07-13,2020-07-13,"07","13","2020",25.4,40.4,25,938.28,"MANG","pre_hb"
"198",585,590,2020-07-13,2020-07-13,"07","13","2020",25.8,40.8,25,938.18,"MANG","pre_hb"
"199",590,595,2020-07-13,2020-07-13,"07","13","2020",25.4,40.4,25,938.16,"MANG","pre_hb"
"200",595,600,2020-07-13,2020-07-13,"07","13","2020",25.4,40.2,26,938.08,"MANG","pre_hb"
"201",600,605,2020-07-13,2020-07-13,"07","13","2020",25.6,40,28,938.04,"MANG","pre_hb"
"202",605,610,2020-07-13,2020-07-13,"07","13","2020",25.1,39.7,27,938.04,"MANG","pre_hb"
"203",610,615,2020-07-13,2020-07-13,"07","13","2020",25.1,39.7,27,937.97,"MANG","pre_hb"
"204",615,620,2020-07-13,2020-07-13,"07","13","2020",25.2,39.8,27,937.97,"MANG","pre_hb"
"205",620,625,2020-07-13,2020-07-13,"07","13","2020",25.6,39.8,29,937.89,"MANG","pre_hb"
"206",625,630,2020-07-13,2020-07-13,"07","13","2020",25.3,39.5,29,937.87,"MANG","pre_hb"
"207",630,635,2020-07-13,2020-07-13,"07","13","2020",25.2,39.2,30,937.84,"MANG","pre_hb"
"208",635,640,2020-07-13,2020-07-13,"07","13","2020",25,39.2,29,937.84,"MANG","pre_hb"
"209",640,645,2020-07-13,2020-07-13,"07","13","2020",24.6,38.8,29,937.78,"MANG","pre_hb"
"210",645,650,2020-07-13,2020-07-13,"07","13","2020",24.8,39.2,28,937.75,"MANG","pre_hb"
"211",650,655,2020-07-13,2020-07-13,"07","13","2020",24.7,38.9,29,937.71,"MANG","pre_hb"
"212",655,660,2020-07-13,2020-07-13,"07","13","2020",25,39.2,29,937.69,"MANG","pre_hb"
"213",660,665,2020-07-13,2020-07-13,"07","13","2020",24.6,38.8,29,937.61,"MANG","pre_hb"
"214",665,670,2020-07-13,2020-07-13,"07","13","2020",24.8,38.8,30,937.53,"MANG","pre_hb"
"215",670,675,2020-07-13,2020-07-13,"07","13","2020",24.7,38.7,30,937.53,"MANG","pre_hb"
"216",675,680,2020-07-13,2020-07-13,"07","13","2020",24.7,38.5,31,937.46,"MANG","pre_hb"
"217",680,685,2020-07-13,2020-07-13,"07","13","2020",24.8,38.6,31,937.4,"MANG","pre_hb"
"218",685,690,2020-07-13,2020-07-13,"07","13","2020",24.5,38.5,30,937.33,"MANG","pre_hb"
"219",690,695,2020-07-13,2020-07-13,"07","13","2020",24.2,38.6,28,937.28,"MANG","pre_hb"
"220",695,700,2020-07-13,2020-07-13,"07","13","2020",24.2,38.8,27,937.18,"MANG","pre_hb"
"221",700,705,2020-07-13,2020-07-13,"07","13","2020",24.5,38.7,29,937.09,"MANG","pre_hb"
"222",705,710,2020-07-13,2020-07-13,"07","13","2020",24.4,38.8,28,936.97,"MANG","pre_hb"
"223",710,715,2020-07-13,2020-07-13,"07","13","2020",24.4,38.8,28,936.93,"MANG","pre_hb"
"224",715,720,2020-07-13,2020-07-13,"07","13","2020",24.1,38.9,26,936.92,"MANG","pre_hb"
"225",720,725,2020-07-13,2020-07-13,"07","13","2020",24,39,25,936.85,"MANG","pre_hb"
"226",725,730,2020-07-13,2020-07-13,"07","13","2020",24,39,25,936.8,"MANG","pre_hb"
"227",730,735,2020-07-13,2020-07-13,"07","13","2020",23.9,38.9,25,936.73,"MANG","pre_hb"
"228",735,740,2020-07-13,2020-07-13,"07","13","2020",23.8,38.8,25,936.65,"MANG","pre_hb"
"229",740,745,2020-07-13,2020-07-13,"07","13","2020",23.7,38.5,26,936.6,"MANG","pre_hb"
"230",745,750,2020-07-13,2020-07-13,"07","13","2020",23.7,38.5,26,936.58,"MANG","pre_hb"
"231",750,755,2020-07-13,2020-07-13,"07","13","2020",23.7,38.3,27,936.59,"MANG","pre_hb"
"232",755,760,2020-07-13,2020-07-13,"07","13","2020",23.6,38.2,27,936.62,"MANG","pre_hb"
"233",760,765,2020-07-13,2020-07-13,"07","13","2020",23.8,38,29,936.63,"MANG","pre_hb"
"234",765,770,2020-07-13,2020-07-13,"07","13","2020",23.4,37.8,28,936.64,"MANG","pre_hb"
"235",770,775,2020-07-13,2020-07-13,"07","13","2020",23.3,37.7,28,936.71,"MANG","pre_hb"
"236",775,780,2020-07-13,2020-07-13,"07","13","2020",23.4,37.6,29,936.7,"MANG","pre_hb"
"237",780,785,2020-07-13,2020-07-13,"07","13","2020",23,37.4,28,936.67,"MANG","pre_hb"
"238",785,790,2020-07-13,2020-07-13,"07","13","2020",22.8,37.2,28,936.61,"MANG","pre_hb"
"239",790,795,2020-07-13,2020-07-13,"07","13","2020",22.8,37,29,936.59,"MANG","pre_hb"
"240",795,800,2020-07-13,2020-07-13,"07","13","2020",22.5,36.7,29,936.57,"MANG","pre_hb"
"241",800,805,2020-07-13,2020-07-13,"07","13","2020",22.3,36.5,29,936.65,"MANG","pre_hb"
"242",805,810,2020-07-13,2020-07-13,"07","13","2020",22.3,36.3,30,936.72,"MANG","pre_hb"
"243",810,815,2020-07-13,2020-07-13,"07","13","2020",22.3,36.1,31,936.8,"MANG","pre_hb"
"244",815,820,2020-07-13,2020-07-13,"07","13","2020",22.2,35.8,32,936.83,"MANG","pre_hb"
"245",820,825,2020-07-13,2020-07-13,"07","13","2020",22.3,35.7,33,936.85,"MANG","pre_hb"
"246",825,830,2020-07-13,2020-07-13,"07","13","2020",22.1,35.5,33,936.96,"MANG","pre_hb"
"247",830,835,2020-07-13,2020-07-13,"07","13","2020",22.1,35.3,34,937.03,"MANG","pre_hb"
"248",835,840,2020-07-13,2020-07-13,"07","13","2020",22,35.2,34,937.03,"MANG","pre_hb"
"249",840,845,2020-07-13,2020-07-13,"07","13","2020",21.8,35,34,937.07,"MANG","pre_hb"
"250",845,850,2020-07-13,2020-07-13,"07","13","2020",21.6,34.4,36,937.08,"MANG","pre_hb"
"251",850,855,2020-07-13,2020-07-13,"07","13","2020",21.9,34.3,38,937.12,"MANG","pre_hb"
"252",855,860,2020-07-13,2020-07-13,"07","13","2020",21.8,33.8,40,937.15,"MANG","pre_hb"
"253",860,865,2020-07-13,2020-07-13,"07","13","2020",22,33.6,42,937.16,"MANG","pre_hb"
"254",865,870,2020-07-13,2020-07-13,"07","13","2020",21.9,33.3,43,937.21,"MANG","pre_hb"
"255",870,875,2020-07-13,2020-07-13,"07","13","2020",22.1,33.1,45,937.23,"MANG","pre_hb"
"256",875,880,2020-07-13,2020-07-13,"07","13","2020",22,33,45,937.31,"MANG","pre_hb"
"257",880,885,2020-07-13,2020-07-13,"07","13","2020",22,32.8,46,937.36,"MANG","pre_hb"
"258",885,890,2020-07-13,2020-07-13,"07","13","2020",21.9,32.3,48,937.43,"MANG","pre_hb"
"259",890,895,2020-07-13,2020-07-13,"07","13","2020",22,32.2,49,937.47,"MANG","pre_hb"
"260",895,900,2020-07-13,2020-07-13,"07","13","2020",21.9,32.3,48,937.51,"MANG","pre_hb"
"261",900,905,2020-07-13,2020-07-13,"07","13","2020",21.7,32.1,48,937.6,"MANG","pre_hb"
"262",905,910,2020-07-13,2020-07-13,"07","13","2020",21.6,32,48,937.62,"MANG","pre_hb"
"263",910,915,2020-07-13,2020-07-13,"07","13","2020",21.6,31.8,49,937.64,"MANG","pre_hb"
"264",915,920,2020-07-13,2020-07-13,"07","13","2020",21.6,31.8,49,937.67,"MANG","pre_hb"
"265",920,925,2020-07-13,2020-07-13,"07","13","2020",21.5,31.7,49,937.74,"MANG","pre_hb"
"266",925,930,2020-07-13,2020-07-13,"07","13","2020",21.5,31.7,49,937.79,"MANG","pre_hb"
"267",930,935,2020-07-13,2020-07-13,"07","13","2020",21.2,31.6,48,937.79,"MANG","pre_hb"
"268",935,940,2020-07-13,2020-07-13,"07","13","2020",21.3,31.7,48,937.75,"MANG","pre_hb"
"269",940,945,2020-07-13,2020-07-13,"07","13","2020",21.1,31.7,47,937.81,"MANG","pre_hb"
"270",945,950,2020-07-13,2020-07-13,"07","13","2020",21.1,31.5,48,937.92,"MANG","pre_hb"
"271",950,955,2020-07-13,2020-07-13,"07","13","2020",21,31.6,47,937.97,"MANG","pre_hb"
"272",955,960,2020-07-13,2020-07-13,"07","13","2020",21,31.6,47,938.06,"MANG","pre_hb"
"273",960,965,2020-07-13,2020-07-13,"07","13","2020",21.2,31.8,47,938.15,"MANG","pre_hb"
"274",965,970,2020-07-13,2020-07-13,"07","13","2020",21.2,31.8,47,938.2,"MANG","pre_hb"
"275",970,975,2020-07-13,2020-07-13,"07","13","2020",21.2,31.8,47,938.28,"MANG","pre_hb"
"276",975,980,2020-07-13,2020-07-13,"07","13","2020",21.2,31.8,47,938.32,"MANG","pre_hb"
"277",980,985,2020-07-13,2020-07-13,"07","13","2020",21.2,31.6,48,938.37,"MANG","pre_hb"
"278",985,990,2020-07-13,2020-07-13,"07","13","2020",21.1,31.5,48,938.43,"MANG","pre_hb"
"279",990,995,2020-07-13,2020-07-13,"07","13","2020",21.1,31.5,48,938.53,"MANG","pre_hb"
"280",995,1000,2020-07-13,2020-07-13,"07","13","2020",21.1,31.5,48,938.63,"MANG","pre_hb"
"281",1000,1005,2020-07-13,2020-07-13,"07","13","2020",21.1,31.5,48,938.84,"MANG","pre_hb"
"282",1005,1010,2020-07-13,2020-07-13,"07","13","2020",21.1,31.5,48,940.85,"MANG","pre_hb"
"283",1010,1015,2020-07-13,2020-07-13,"07","13","2020",21.3,31.9,47,940.78,"MANG","pre_hb"
"284",1015,1020,2020-07-13,2020-07-13,"07","13","2020",21.3,32.1,46,939.85,"MANG","pre_hb"
"285",1020,1025,2020-07-13,2020-07-13,"07","13","2020",21.1,32.1,45,940.99,"MANG","pre_hb"
"286",1025,1030,2020-07-13,2020-07-13,"07","13","2020",21.3,32.5,44,940.53,"MANG","pre_hb"
"287",1030,1035,2020-07-13,2020-07-13,"07","13","2020",21,32.2,44,940.44,"MANG","pre_hb"
"288",1035,1040,2020-07-13,2020-07-13,"07","13","2020",20.9,31.9,45,940.3,"MANG","pre_hb"
"289",1040,1045,2020-07-14,2020-07-14,"07","14","2020",20.5,31.3,46,940.11,"MANG","hb"
"290",1045,1050,2020-07-14,2020-07-14,"07","14","2020",20.2,30.6,48,940.04,"MANG","hb"
"291",1050,1055,2020-07-14,2020-07-14,"07","14","2020",20.3,30.5,49,939.98,"MANG","hb"
"292",1055,1060,2020-07-14,2020-07-14,"07","14","2020",20.3,30.3,50,939.83,"MANG","hb"
"293",1060,1065,2020-07-14,2020-07-14,"07","14","2020",19.8,29.6,51,939.63,"MANG","hb"
"294",1065,1070,2020-07-14,2020-07-14,"07","14","2020",20.1,29.5,53,939.45,"MANG","hb"
"295",1070,1075,2020-07-14,2020-07-14,"07","14","2020",20.2,29.6,53,939.18,"MANG","hb"
"296",1075,1080,2020-07-14,2020-07-14,"07","14","2020",20.3,29.9,52,939,"MANG","hb"
"297",1080,1085,2020-07-14,2020-07-14,"07","14","2020",20.3,29.9,52,938.86,"MANG","hb"
"298",1085,1090,2020-07-14,2020-07-14,"07","14","2020",20.3,29.9,52,938.71,"MANG","hb"
"299",1090,1095,2020-07-14,2020-07-14,"07","14","2020",20.3,30.1,51,938.61,"MANG","hb"
"300",1095,1100,2020-07-14,2020-07-14,"07","14","2020",20.2,30,51,938.55,"MANG","hb"
"301",1100,1105,2020-07-14,2020-07-14,"07","14","2020",20.2,30,51,938.45,"MANG","hb"
"302",1105,1110,2020-07-14,2020-07-14,"07","14","2020",20.4,30,52,938.43,"MANG","hb"
"303",1110,1115,2020-07-14,2020-07-14,"07","14","2020",20.2,29.8,52,938.34,"MANG","hb"
"304",1115,1120,2020-07-14,2020-07-14,"07","14","2020",20.3,29.7,53,938.18,"MANG","hb"
"305",1120,1125,2020-07-14,2020-07-14,"07","14","2020",20.2,29.6,53,938.16,"MANG","hb"
"306",1125,1130,2020-07-14,2020-07-14,"07","14","2020",20.5,29.9,53,938.05,"MANG","hb"
"307",1130,1135,2020-07-14,2020-07-14,"07","14","2020",20.4,29.8,53,938.05,"MANG","hb"
"308",1135,1140,2020-07-14,2020-07-14,"07","14","2020",20.5,29.7,54,937.9,"MANG","hb"
"309",1140,1145,2020-07-14,2020-07-14,"07","14","2020",20.5,29.5,55,937.84,"MANG","hb"
"310",1145,1150,2020-07-14,2020-07-14,"07","14","2020",20.3,29.3,55,937.98,"MANG","hb"
"311",1150,1155,2020-07-14,2020-07-14,"07","14","2020",20.3,29.3,55,937.91,"MANG","hb"
"312",1155,1160,2020-07-14,2020-07-14,"07","14","2020",20.4,29.2,56,937.76,"MANG","hb"
"313",1160,1165,2020-07-14,2020-07-14,"07","14","2020",20.4,29.2,56,937.45,"MANG","hb"
"314",1165,1170,2020-07-14,2020-07-14,"07","14","2020",20.4,29.2,56,937.3,"MANG","hb"
"315",1170,1175,2020-07-14,2020-07-14,"07","14","2020",20.3,29.1,56,937.47,"MANG","hb"
"316",1175,1180,2020-07-14,2020-07-14,"07","14","2020",20.2,29,56,937.68,"MANG","hb"
"317",1180,1185,2020-07-14,2020-07-14,"07","14","2020",20.1,28.9,56,937.66,"MANG","hb"
"318",1185,1190,2020-07-14,2020-07-14,"07","14","2020",20.2,29,56,937.65,"MANG","hb"
"319",1190,1195,2020-07-14,2020-07-14,"07","14","2020",20.1,28.9,56,937.79,"MANG","hb"
"320",1195,1200,2020-07-14,2020-07-14,"07","14","2020",20.1,28.9,56,937.8,"MANG","hb"
"321",1200,1205,2020-07-14,2020-07-14,"07","14","2020",20,28.8,56,937.66,"MANG","hb"
"322",1205,1210,2020-07-14,2020-07-14,"07","14","2020",20.2,28.8,57,937.69,"MANG","hb"
"323",1210,1215,2020-07-14,2020-07-14,"07","14","2020",20,28.6,57,937.72,"MANG","hb"
"324",1215,1220,2020-07-14,2020-07-14,"07","14","2020",20,28.4,58,937.55,"MANG","hb"
"325",1220,1225,2020-07-14,2020-07-14,"07","14","2020",19.9,28.1,59,937.44,"MANG","hb"
"326",1225,1230,2020-07-14,2020-07-14,"07","14","2020",19.8,27.8,60,937.32,"MANG","hb"
"327",1230,1235,2020-07-14,2020-07-14,"07","14","2020",19.7,27.9,59,937.27,"MANG","hb"
"328",1235,1240,2020-07-14,2020-07-14,"07","14","2020",19.7,28.1,58,937.41,"MANG","hb"
"329",1240,1245,2020-07-14,2020-07-14,"07","14","2020",19.7,28.5,56,937.38,"MANG","hb"
"330",1245,1250,2020-07-14,2020-07-14,"07","14","2020",19.4,28.6,54,937.3,"MANG","hb"
"331",1250,1255,2020-07-14,2020-07-14,"07","14","2020",19.4,28.6,54,937.27,"MANG","hb"
"332",1255,1260,2020-07-14,2020-07-14,"07","14","2020",19.3,28.5,54,937.22,"MANG","hb"
"333",1260,1265,2020-07-14,2020-07-14,"07","14","2020",19.3,28.3,55,937.22,"MANG","hb"
"334",1265,1270,2020-07-14,2020-07-14,"07","14","2020",19.4,28.2,56,937.19,"MANG","hb"
"335",1270,1275,2020-07-14,2020-07-14,"07","14","2020",19.3,27.9,57,937.18,"MANG","hb"
"336",1275,1280,2020-07-14,2020-07-14,"07","14","2020",19.4,27.8,58,937.13,"MANG","hb"
"337",1280,1285,2020-07-14,2020-07-14,"07","14","2020",19.2,27.6,58,937.13,"MANG","hb"
"338",1285,1290,2020-07-14,2020-07-14,"07","14","2020",19.2,27.4,59,937.04,"MANG","hb"
"339",1290,1295,2020-07-14,2020-07-14,"07","14","2020",19.1,27.3,59,936.96,"MANG","hb"
"340",1295,1300,2020-07-14,2020-07-14,"07","14","2020",19.2,27.2,60,937.01,"MANG","hb"
"341",1300,1305,2020-07-14,2020-07-14,"07","14","2020",19.2,27.2,60,937.12,"MANG","hb"
"342",1305,1310,2020-07-14,2020-07-14,"07","14","2020",19.1,27.1,60,937.18,"MANG","hb"
"343",1310,1315,2020-07-14,2020-07-14,"07","14","2020",19,27,60,937.19,"MANG","hb"
"344",1315,1320,2020-07-14,2020-07-14,"07","14","2020",18.8,27,59,937.25,"MANG","hb"
"345",1320,1325,2020-07-14,2020-07-14,"07","14","2020",18.8,27,59,937.36,"MANG","hb"
"346",1325,1330,2020-07-14,2020-07-14,"07","14","2020",18.9,27.1,59,937.42,"MANG","hb"
"347",1330,1335,2020-07-14,2020-07-14,"07","14","2020",18.8,27,59,937.37,"MANG","hb"
"348",1335,1340,2020-07-14,2020-07-14,"07","14","2020",18.6,27,58,937.38,"MANG","hb"
"349",1340,1345,2020-07-14,2020-07-14,"07","14","2020",18.3,26.9,57,937.31,"MANG","hb"
"350",1345,1350,2020-07-14,2020-07-14,"07","14","2020",18.1,26.7,57,937.33,"MANG","hb"
"351",1350,1355,2020-07-14,2020-07-14,"07","14","2020",18,26.6,57,937.35,"MANG","hb"
"352",1355,1360,2020-07-14,2020-07-14,"07","14","2020",17.9,26.7,56,937.33,"MANG","hb"
"353",1360,1365,2020-07-14,2020-07-14,"07","14","2020",17.6,26.8,54,937.21,"MANG","hb"
"354",1365,1370,2020-07-14,2020-07-14,"07","14","2020",17.1,26.7,52,937.11,"MANG","hb"
"355",1370,1375,2020-07-14,2020-07-14,"07","14","2020",16.9,26.5,52,937.09,"MANG","hb"
"356",1375,1380,2020-07-14,2020-07-14,"07","14","2020",16.7,26.3,52,937.07,"MANG","hb"
"357",1380,1385,2020-07-14,2020-07-14,"07","14","2020",16.4,26.2,51,937.13,"MANG","hb"
"358",1385,1390,2020-07-14,2020-07-14,"07","14","2020",16.3,26.3,50,937.19,"MANG","hb"
"359",1390,1395,2020-07-14,2020-07-14,"07","14","2020",16.1,26.1,50,937.22,"MANG","hb"
"360",1395,1400,2020-07-14,2020-07-14,"07","14","2020",16.1,25.5,53,937.27,"MANG","hb"
"361",1400,1405,2020-07-14,2020-07-14,"07","14","2020",16,25,55,937.31,"MANG","hb"
"362",1405,1410,2020-07-14,2020-07-14,"07","14","2020",16.2,24.8,57,937.36,"MANG","hb"
"363",1410,1415,2020-07-14,2020-07-14,"07","14","2020",16.4,25,57,937.48,"MANG","hb"
"364",1415,1420,2020-07-14,2020-07-14,"07","14","2020",16.6,25.4,56,937.54,"MANG","hb"
"365",1420,1425,2020-07-14,2020-07-14,"07","14","2020",16.7,25.5,56,937.56,"MANG","hb"
"366",1425,1430,2020-07-14,2020-07-14,"07","14","2020",16.9,25.9,55,937.63,"MANG","hb"
"367",1430,1435,2020-07-14,2020-07-14,"07","14","2020",16.8,25.8,55,937.61,"MANG","hb"
"368",1435,1440,2020-07-14,2020-07-14,"07","14","2020",16.8,25.8,55,937.7,"MANG","hb"
"369",0,5,2020-07-14,2020-07-14,"07","14","2020",16.8,25.6,56,937.74,"MANG","hb"
"370",5,10,2020-07-14,2020-07-14,"07","14","2020",16.6,25.2,57,937.81,"MANG","hb"
"371",10,15,2020-07-14,2020-07-14,"07","14","2020",16.5,25.1,57,937.96,"MANG","hb"
"372",15,20,2020-07-14,2020-07-14,"07","14","2020",16.2,24.8,57,937.96,"MANG","hb"
"373",20,25,2020-07-14,2020-07-14,"07","14","2020",16.2,24.4,59,937.99,"MANG","hb"
"374",25,30,2020-07-14,2020-07-14,"07","14","2020",16.4,24.6,59,937.95,"MANG","hb"
"375",30,35,2020-07-14,2020-07-14,"07","14","2020",16.7,24.9,59,937.94,"MANG","hb"
"376",35,40,2020-07-14,2020-07-14,"07","14","2020",16.9,25.3,58,938.12,"MANG","hb"
"377",40,45,2020-07-14,2020-07-14,"07","14","2020",17.2,25.4,59,938.3,"MANG","hb"
"378",45,50,2020-07-14,2020-07-14,"07","14","2020",17.4,26.2,56,938.29,"MANG","hb"
"379",50,55,2020-07-14,2020-07-14,"07","14","2020",17.4,27,52,938.36,"MANG","hb"
"380",55,60,2020-07-14,2020-07-14,"07","14","2020",17.4,27.4,50,938.36,"MANG","hb"
"381",60,65,2020-07-14,2020-07-14,"07","14","2020",17.4,28.2,46,938.38,"MANG","hb"
"382",65,70,2020-07-14,2020-07-14,"07","14","2020",17.4,28.2,46,938.48,"MANG","hb"
"383",70,75,2020-07-14,2020-07-14,"07","14","2020",17.8,28.8,45,938.52,"MANG","hb"
"384",75,80,2020-07-14,2020-07-14,"07","14","2020",17.5,29.1,42,938.56,"MANG","hb"
"385",80,85,2020-07-14,2020-07-14,"07","14","2020",17.4,29,42,938.56,"MANG","hb"
"386",85,90,2020-07-14,2020-07-14,"07","14","2020",17.2,29,41,938.56,"MANG","hb"
"387",90,95,2020-07-14,2020-07-14,"07","14","2020",17.4,29.2,41,938.56,"MANG","hb"
"388",95,100,2020-07-14,2020-07-14,"07","14","2020",17.4,29.6,39,938.61,"MANG","hb"
"389",100,105,2020-07-14,2020-07-14,"07","14","2020",17.6,30.2,37,938.74,"MANG","hb"
"390",105,110,2020-07-14,2020-07-14,"07","14","2020",17.3,30.3,35,938.82,"MANG","hb"
"391",110,115,2020-07-14,2020-07-14,"07","14","2020",17.3,30.3,35,938.86,"MANG","hb"
"392",115,120,2020-07-14,2020-07-14,"07","14","2020",17.2,30.4,34,938.86,"MANG","hb"
"393",120,125,2020-07-14,2020-07-14,"07","14","2020",17.3,30.5,34,938.9,"MANG","hb"
"394",125,130,2020-07-14,2020-07-14,"07","14","2020",17.3,30.5,34,938.91,"MANG","hb"
"395",130,135,2020-07-14,2020-07-14,"07","14","2020",17.2,30.8,32,938.92,"MANG","hb"
"396",135,140,2020-07-14,2020-07-14,"07","14","2020",17.6,31.2,32,938.96,"MANG","hb"
"397",140,145,2020-07-14,2020-07-14,"07","14","2020",17.7,31.5,31,938.97,"MANG","hb"
"398",145,150,2020-07-14,2020-07-14,"07","14","2020",17.9,31.9,30,939,"MANG","hb"
"399",150,155,2020-07-14,2020-07-14,"07","14","2020",18.8,32.8,30,939.01,"MANG","hb"
"400",155,160,2020-07-14,2020-07-14,"07","14","2020",19.5,34.3,26,938.99,"MANG","hb"
"401",160,165,2020-07-14,2020-07-14,"07","14","2020",19.2,34.2,25,938.96,"MANG","hb"
"402",165,170,2020-07-14,2020-07-14,"07","14","2020",19.1,34.1,25,938.96,"MANG","hb"
"403",170,175,2020-07-14,2020-07-14,"07","14","2020",19.4,34.4,25,938.93,"MANG","hb"
"404",175,180,2020-07-14,2020-07-14,"07","14","2020",19.6,34.6,25,938.87,"MANG","hb"
"405",180,185,2020-07-14,2020-07-14,"07","14","2020",20.8,36.2,23,938.87,"MANG","hb"
"406",185,190,2020-07-14,2020-07-14,"07","14","2020",20.1,35.5,23,938.89,"MANG","hb"
"407",190,195,2020-07-14,2020-07-14,"07","14","2020",19.9,35.1,24,938.93,"MANG","hb"
"408",195,200,2020-07-14,2020-07-14,"07","14","2020",20,35.2,24,938.92,"MANG","hb"
"409",200,205,2020-07-14,2020-07-14,"07","14","2020",20,35.4,23,938.93,"MANG","hb"
"410",205,210,2020-07-14,2020-07-14,"07","14","2020",20.2,35.6,23,938.92,"MANG","hb"
"411",210,215,2020-07-14,2020-07-14,"07","14","2020",21,36.6,22,938.91,"MANG","hb"
"412",215,220,2020-07-14,2020-07-14,"07","14","2020",21.1,36.7,22,938.89,"MANG","hb"
"413",220,225,2020-07-14,2020-07-14,"07","14","2020",21.2,36.8,22,938.85,"MANG","hb"
"414",225,230,2020-07-14,2020-07-14,"07","14","2020",21.6,37.2,22,938.89,"MANG","hb"
"415",230,235,2020-07-14,2020-07-14,"07","14","2020",21,36.8,21,938.89,"MANG","hb"
"416",235,240,2020-07-14,2020-07-14,"07","14","2020",21.1,36.9,21,938.87,"MANG","hb"
"417",240,245,2020-07-14,2020-07-14,"07","14","2020",21,36.6,22,938.83,"MANG","hb"
"418",245,250,2020-07-14,2020-07-14,"07","14","2020",20.7,36.5,21,938.82,"MANG","hb"
"419",250,255,2020-07-14,2020-07-14,"07","14","2020",20.9,36.7,21,938.8,"MANG","hb"
"420",255,260,2020-07-14,2020-07-14,"07","14","2020",21.6,37.4,21,938.77,"MANG","hb"
"421",260,265,2020-07-14,2020-07-14,"07","14","2020",22,38,20,938.74,"MANG","hb"
"422",265,270,2020-07-14,2020-07-14,"07","14","2020",21.5,37.5,20,938.76,"MANG","hb"
"423",270,275,2020-07-14,2020-07-14,"07","14","2020",21.5,37.5,20,938.78,"MANG","hb"
"424",275,280,2020-07-14,2020-07-14,"07","14","2020",21,37,20,938.84,"MANG","hb"
"425",280,285,2020-07-14,2020-07-14,"07","14","2020",21.3,37.3,20,938.94,"MANG","hb"
"426",285,290,2020-07-14,2020-07-14,"07","14","2020",21.1,36.9,21,938.97,"MANG","hb"
"427",290,295,2020-07-14,2020-07-14,"07","14","2020",20.2,36,21,939.05,"MANG","hb"
"428",295,300,2020-07-14,2020-07-14,"07","14","2020",19.8,35.4,22,939.08,"MANG","hb"
"429",300,305,2020-07-14,2020-07-14,"07","14","2020",19.5,35.1,22,939.08,"MANG","hb"
"430",305,310,2020-07-14,2020-07-14,"07","14","2020",19.7,35.3,22,939.03,"MANG","hb"
"431",310,315,2020-07-14,2020-07-14,"07","14","2020",21.2,37,21,938.87,"MANG","hb"
"432",315,320,2020-07-14,2020-07-14,"07","14","2020",22.5,38.5,20,938.8,"MANG","hb"
"433",320,325,2020-07-14,2020-07-14,"07","14","2020",22.3,38.5,19,938.76,"MANG","hb"
"434",325,330,2020-07-14,2020-07-14,"07","14","2020",22.4,38.6,19,938.75,"MANG","hb"
"435",330,335,2020-07-14,2020-07-14,"07","14","2020",23.2,39.4,19,938.69,"MANG","hb"
"436",335,340,2020-07-14,2020-07-14,"07","14","2020",23.1,39.3,19,938.63,"MANG","hb"
"437",340,345,2020-07-14,2020-07-14,"07","14","2020",23.1,39.5,18,938.6,"MANG","hb"
"438",345,350,2020-07-14,2020-07-14,"07","14","2020",23.5,39.9,18,938.58,"MANG","hb"
"439",350,355,2020-07-14,2020-07-14,"07","14","2020",23.1,39.5,18,938.57,"MANG","hb"
"440",355,360,2020-07-14,2020-07-14,"07","14","2020",23.8,40.2,18,938.59,"MANG","hb"
"441",360,365,2020-07-14,2020-07-14,"07","14","2020",23.2,39.6,18,938.56,"MANG","hb"
"442",365,370,2020-07-14,2020-07-14,"07","14","2020",23.8,40.2,18,938.57,"MANG","hb"
"443",370,375,2020-07-14,2020-07-14,"07","14","2020",23.9,40.3,18,938.55,"MANG","hb"
"444",375,380,2020-07-14,2020-07-14,"07","14","2020",24.7,41.3,17,938.54,"MANG","hb"
"445",380,385,2020-07-14,2020-07-14,"07","14","2020",24.1,40.5,18,938.53,"MANG","hb"
"446",385,390,2020-07-14,2020-07-14,"07","14","2020",23.9,40.3,18,938.44,"MANG","hb"
"447",390,395,2020-07-14,2020-07-14,"07","14","2020",24.1,40.5,18,938.39,"MANG","hb"
"448",395,400,2020-07-14,2020-07-14,"07","14","2020",24.6,41.2,17,938.36,"MANG","hb"
"449",400,405,2020-07-14,2020-07-14,"07","14","2020",24.6,41.2,17,938.33,"MANG","hb"
"450",405,410,2020-07-14,2020-07-14,"07","14","2020",24.6,41.2,17,938.27,"MANG","hb"
"451",410,415,2020-07-14,2020-07-14,"07","14","2020",24.8,41.4,17,938.27,"MANG","hb"
"452",415,420,2020-07-14,2020-07-14,"07","14","2020",24.9,41.7,16,938.21,"MANG","hb"
"453",420,425,2020-07-14,2020-07-14,"07","14","2020",24.9,41.7,16,938.13,"MANG","hb"
"454",425,430,2020-07-14,2020-07-14,"07","14","2020",25.4,42.2,16,938.07,"MANG","hb"
"455",430,435,2020-07-14,2020-07-14,"07","14","2020",26,43,15,937.95,"MANG","hb"
"456",435,440,2020-07-14,2020-07-14,"07","14","2020",25.6,42.6,15,937.94,"MANG","hb"
"457",440,445,2020-07-14,2020-07-14,"07","14","2020",25.6,42.6,15,937.89,"MANG","hb"
"458",445,450,2020-07-14,2020-07-14,"07","14","2020",25.9,42.7,16,937.83,"MANG","hb"
"459",450,455,2020-07-14,2020-07-14,"07","14","2020",26.2,43.2,15,937.76,"MANG","hb"
"460",455,460,2020-07-14,2020-07-14,"07","14","2020",25.5,42.5,15,937.74,"MANG","hb"
"461",460,465,2020-07-14,2020-07-14,"07","14","2020",25.5,42.5,15,937.67,"MANG","hb"
"462",465,470,2020-07-14,2020-07-14,"07","14","2020",25.8,42.8,15,937.62,"MANG","hb"
"463",470,475,2020-07-14,2020-07-14,"07","14","2020",25.9,42.9,15,937.58,"MANG","hb"
"464",475,480,2020-07-14,2020-07-14,"07","14","2020",26.1,43.1,15,937.5,"MANG","hb"
"465",480,485,2020-07-14,2020-07-14,"07","14","2020",26.2,43.4,14,937.43,"MANG","hb"
"466",485,490,2020-07-14,2020-07-14,"07","14","2020",26.3,43.5,14,937.42,"MANG","hb"
"467",490,495,2020-07-14,2020-07-14,"07","14","2020",26.6,43.8,14,937.36,"MANG","hb"
"468",495,500,2020-07-14,2020-07-14,"07","14","2020",26.3,43.5,14,937.32,"MANG","hb"
"469",500,505,2020-07-14,2020-07-14,"07","14","2020",26.4,43.6,14,937.33,"MANG","hb"
"470",505,510,2020-07-14,2020-07-14,"07","14","2020",26.6,43.8,14,937.32,"MANG","hb"
"471",510,515,2020-07-14,2020-07-14,"07","14","2020",27,44.2,14,937.29,"MANG","hb"
"472",515,520,2020-07-14,2020-07-14,"07","14","2020",26.3,43.5,14,937.32,"MANG","hb"
"473",520,525,2020-07-14,2020-07-14,"07","14","2020",25.9,43.1,14,937.23,"MANG","hb"
"474",525,530,2020-07-14,2020-07-14,"07","14","2020",26.8,44,14,937.16,"MANG","hb"
"475",530,535,2020-07-14,2020-07-14,"07","14","2020",26.6,44,13,937.12,"MANG","hb"
"476",535,540,2020-07-14,2020-07-14,"07","14","2020",26.2,43.4,14,937.08,"MANG","hb"
"477",540,545,2020-07-14,2020-07-14,"07","14","2020",26,43.2,14,937.07,"MANG","hb"
"478",545,550,2020-07-14,2020-07-14,"07","14","2020",26.5,43.7,14,937.05,"MANG","hb"
"479",550,555,2020-07-14,2020-07-14,"07","14","2020",26.3,43.5,14,937.01,"MANG","hb"
"480",555,560,2020-07-14,2020-07-14,"07","14","2020",26.9,44.1,14,936.97,"MANG","hb"
"481",560,565,2020-07-14,2020-07-14,"07","14","2020",26.9,44.1,14,936.91,"MANG","hb"
"482",565,570,2020-07-14,2020-07-14,"07","14","2020",27.1,44.3,14,936.9,"MANG","hb"
"483",570,575,2020-07-14,2020-07-14,"07","14","2020",27.3,44.5,14,936.83,"MANG","hb"
"484",575,580,2020-07-14,2020-07-14,"07","14","2020",26.7,43.9,14,936.85,"MANG","hb"
"485",580,585,2020-07-14,2020-07-14,"07","14","2020",27,44,15,936.84,"MANG","hb"
"486",585,590,2020-07-14,2020-07-14,"07","14","2020",26.7,43.9,14,936.79,"MANG","hb"
"487",590,595,2020-07-14,2020-07-14,"07","14","2020",26.9,43.9,15,936.8,"MANG","hb"
"488",595,600,2020-07-14,2020-07-14,"07","14","2020",27,44.2,14,936.77,"MANG","hb"
"489",600,605,2020-07-14,2020-07-14,"07","14","2020",26.7,44.1,13,936.73,"MANG","hb"
"490",605,610,2020-07-14,2020-07-14,"07","14","2020",26.6,44,13,936.69,"MANG","hb"
"491",610,615,2020-07-14,2020-07-14,"07","14","2020",26.8,44,14,936.65,"MANG","hb"
"492",615,620,2020-07-14,2020-07-14,"07","14","2020",26.9,44.1,14,936.6,"MANG","hb"
"493",620,625,2020-07-14,2020-07-14,"07","14","2020",26.7,43.9,14,936.57,"MANG","hb"
"494",625,630,2020-07-14,2020-07-14,"07","14","2020",26.6,44,13,936.53,"MANG","hb"
"495",630,635,2020-07-14,2020-07-14,"07","14","2020",26.7,43.9,14,936.44,"MANG","hb"
"496",635,640,2020-07-14,2020-07-14,"07","14","2020",26.6,43.8,14,936.44,"MANG","hb"
"497",640,645,2020-07-14,2020-07-14,"07","14","2020",26.8,44,14,936.38,"MANG","hb"
"498",645,650,2020-07-14,2020-07-14,"07","14","2020",26.5,43.7,14,936.36,"MANG","hb"
"499",650,655,2020-07-14,2020-07-14,"07","14","2020",26.6,43.8,14,936.37,"MANG","hb"
"500",655,660,2020-07-14,2020-07-14,"07","14","2020",26.4,43.6,14,936.28,"MANG","hb"
"501",660,665,2020-07-14,2020-07-14,"07","14","2020",26.2,43.4,14,936.22,"MANG","hb"
"502",665,670,2020-07-14,2020-07-14,"07","14","2020",26.1,43.3,14,936.19,"MANG","hb"
"503",670,675,2020-07-14,2020-07-14,"07","14","2020",26.1,43.3,14,936.12,"MANG","hb"
"504",675,680,2020-07-14,2020-07-14,"07","14","2020",26.3,43.5,14,936.06,"MANG","hb"
"505",680,685,2020-07-14,2020-07-14,"07","14","2020",26.4,43.6,14,936.04,"MANG","hb"
"506",685,690,2020-07-14,2020-07-14,"07","14","2020",26.3,43.5,14,935.95,"MANG","hb"
"507",690,695,2020-07-14,2020-07-14,"07","14","2020",26.3,43.5,14,935.89,"MANG","hb"
"508",695,700,2020-07-14,2020-07-14,"07","14","2020",26.2,43.4,14,935.8,"MANG","hb"
"509",700,705,2020-07-14,2020-07-14,"07","14","2020",26.1,43.5,13,935.72,"MANG","hb"
"510",705,710,2020-07-14,2020-07-14,"07","14","2020",26,43.4,13,935.66,"MANG","hb"
"511",710,715,2020-07-14,2020-07-14,"07","14","2020",26.1,43.5,13,935.61,"MANG","hb"
"512",715,720,2020-07-14,2020-07-14,"07","14","2020",26,43.2,14,935.6,"MANG","hb"
"513",720,725,2020-07-14,2020-07-14,"07","14","2020",25.8,43.2,13,935.57,"MANG","hb"
"514",725,730,2020-07-14,2020-07-14,"07","14","2020",25.7,43.1,13,935.53,"MANG","hb"
"515",730,735,2020-07-14,2020-07-14,"07","14","2020",25.6,43,13,935.51,"MANG","hb"
"516",735,740,2020-07-14,2020-07-14,"07","14","2020",25.7,43.1,13,935.5,"MANG","hb"
"517",740,745,2020-07-14,2020-07-14,"07","14","2020",25.7,43.1,13,935.45,"MANG","hb"
"518",745,750,2020-07-14,2020-07-14,"07","14","2020",25.6,43,13,935.43,"MANG","hb"
"519",750,755,2020-07-14,2020-07-14,"07","14","2020",25.7,43.1,13,935.42,"MANG","hb"
"520",755,760,2020-07-14,2020-07-14,"07","14","2020",25.4,42.6,14,935.48,"MANG","hb"
"521",760,765,2020-07-14,2020-07-14,"07","14","2020",24.9,41.3,18,935.52,"MANG","hb"
"522",765,770,2020-07-14,2020-07-14,"07","14","2020",24.6,40.8,19,935.5,"MANG","hb"
"523",770,775,2020-07-14,2020-07-14,"07","14","2020",24.3,40.5,19,935.53,"MANG","hb"
"524",775,780,2020-07-14,2020-07-14,"07","14","2020",24.4,40.4,20,935.63,"MANG","hb"
"525",780,785,2020-07-14,2020-07-14,"07","14","2020",24,40.2,19,935.65,"MANG","hb"
"526",785,790,2020-07-14,2020-07-14,"07","14","2020",24,40,20,935.7,"MANG","hb"
"527",790,795,2020-07-14,2020-07-14,"07","14","2020",23.7,39.7,20,935.73,"MANG","hb"
"528",795,800,2020-07-14,2020-07-14,"07","14","2020",23.6,39.4,21,935.73,"MANG","hb"
"529",800,805,2020-07-14,2020-07-14,"07","14","2020",23.4,39.2,21,935.81,"MANG","hb"
"530",805,810,2020-07-14,2020-07-14,"07","14","2020",23,38.8,21,935.88,"MANG","hb"
"531",810,815,2020-07-14,2020-07-14,"07","14","2020",22.7,38.5,21,935.87,"MANG","hb"
"532",815,820,2020-07-14,2020-07-14,"07","14","2020",22.7,38.3,22,935.84,"MANG","hb"
"533",820,825,2020-07-14,2020-07-14,"07","14","2020",22.4,38.2,21,935.82,"MANG","hb"
"534",825,830,2020-07-14,2020-07-14,"07","14","2020",22.4,38.2,21,935.8,"MANG","hb"
"535",830,835,2020-07-14,2020-07-14,"07","14","2020",22.3,37.9,22,935.77,"MANG","hb"
"536",835,840,2020-07-14,2020-07-14,"07","14","2020",22.1,37.7,22,935.74,"MANG","hb"
"537",840,845,2020-07-14,2020-07-14,"07","14","2020",21.9,37.5,22,935.74,"MANG","hb"
"538",845,850,2020-07-14,2020-07-14,"07","14","2020",21.7,37.1,23,935.76,"MANG","hb"
"539",850,855,2020-07-14,2020-07-14,"07","14","2020",21.4,36.8,23,935.66,"MANG","hb"
"540",855,860,2020-07-14,2020-07-14,"07","14","2020",21.3,36.7,23,935.5,"MANG","hb"
"541",860,865,2020-07-14,2020-07-14,"07","14","2020",21.3,36.5,24,935.3,"MANG","hb"
"542",865,870,2020-07-14,2020-07-14,"07","14","2020",21.1,36.3,24,935.29,"MANG","hb"
"543",870,875,2020-07-14,2020-07-14,"07","14","2020",21.1,36.3,24,935.44,"MANG","hb"
"544",875,880,2020-07-14,2020-07-14,"07","14","2020",21,36.2,24,935.79,"MANG","hb"
"545",880,885,2020-07-14,2020-07-14,"07","14","2020",20.9,36.1,24,936.12,"MANG","hb"
"546",885,890,2020-07-14,2020-07-14,"07","14","2020",20.9,36.1,24,936.17,"MANG","hb"
"547",890,895,2020-07-14,2020-07-14,"07","14","2020",20.7,36.1,23,936.27,"MANG","hb"
"548",895,900,2020-07-14,2020-07-14,"07","14","2020",20.6,35.8,24,936.38,"MANG","hb"
"549",900,905,2020-07-14,2020-07-14,"07","14","2020",20.6,35.6,25,936.4,"MANG","hb"
"550",905,910,2020-07-14,2020-07-14,"07","14","2020",20.4,35.2,26,936.56,"MANG","hb"
"551",910,915,2020-07-14,2020-07-14,"07","14","2020",20.4,34.8,28,936.66,"MANG","hb"
"552",915,920,2020-07-14,2020-07-14,"07","14","2020",20.5,34.5,30,936.75,"MANG","hb"
"553",920,925,2020-07-14,2020-07-14,"07","14","2020",20.5,34.3,31,936.79,"MANG","hb"
"554",925,930,2020-07-14,2020-07-14,"07","14","2020",20.5,34.1,32,936.87,"MANG","hb"
"555",930,935,2020-07-14,2020-07-14,"07","14","2020",20.6,33.8,34,936.98,"MANG","hb"
"556",935,940,2020-07-14,2020-07-14,"07","14","2020",20.9,33.7,36,937.09,"MANG","hb"
"557",940,945,2020-07-14,2020-07-14,"07","14","2020",20.7,33.5,36,937.17,"MANG","hb"
"558",945,950,2020-07-14,2020-07-14,"07","14","2020",20.8,33.4,37,937.19,"MANG","hb"
"559",950,955,2020-07-14,2020-07-14,"07","14","2020",20.7,33.3,37,937.31,"MANG","hb"
"560",955,960,2020-07-14,2020-07-14,"07","14","2020",20.6,33.2,37,937.26,"MANG","hb"
"561",960,965,2020-07-14,2020-07-14,"07","14","2020",20.5,33.1,37,937.31,"MANG","hb"
"562",965,970,2020-07-14,2020-07-14,"07","14","2020",20.6,33,38,937.55,"MANG","hb"
"563",970,975,2020-07-14,2020-07-14,"07","14","2020",20.5,32.9,38,937.6,"MANG","hb"
"564",975,980,2020-07-14,2020-07-14,"07","14","2020",20.4,32.8,38,937.54,"MANG","hb"
"565",980,985,2020-07-14,2020-07-14,"07","14","2020",20.2,32.6,38,937.68,"MANG","hb"
"566",985,990,2020-07-14,2020-07-14,"07","14","2020",20.1,32.5,38,937.67,"MANG","hb"
"567",990,995,2020-07-14,2020-07-14,"07","14","2020",19.9,32.3,38,937.57,"MANG","hb"
"568",995,1000,2020-07-14,2020-07-14,"07","14","2020",19.9,32.1,39,937.83,"MANG","hb"
"569",1000,1005,2020-07-14,2020-07-14,"07","14","2020",19.7,31.9,39,938.62,"MANG","hb"
"570",1005,1010,2020-07-14,2020-07-14,"07","14","2020",19.8,31.8,40,938.82,"MANG","hb"
"571",1010,1015,2020-07-14,2020-07-14,"07","14","2020",19.9,32.1,39,938.78,"MANG","hb"
"572",1015,1020,2020-07-14,2020-07-14,"07","14","2020",20,32,40,938.63,"MANG","hb"
"573",1020,1025,2020-07-14,2020-07-14,"07","14","2020",20,32.6,37,938.57,"MANG","hb"
"574",1025,1030,2020-07-14,2020-07-14,"07","14","2020",20.1,32.7,37,938.82,"MANG","hb"
"575",1030,1035,2020-07-14,2020-07-14,"07","14","2020",19.7,32.9,34,938.32,"MANG","hb"
"576",1035,1040,2020-07-14,2020-07-14,"07","14","2020",19.7,32.9,34,938.6,"MANG","hb"
"577",1040,1045,2020-07-14,2020-07-14,"07","14","2020",20.5,31.3,46,940.11,"MANG","post_hb"
"578",1045,1050,2020-07-14,2020-07-14,"07","14","2020",20.2,30.6,48,940.04,"MANG","post_hb"
"579",1050,1055,2020-07-14,2020-07-14,"07","14","2020",20.3,30.5,49,939.98,"MANG","post_hb"
"580",1055,1060,2020-07-14,2020-07-14,"07","14","2020",20.3,30.3,50,939.83,"MANG","post_hb"
"581",1060,1065,2020-07-14,2020-07-14,"07","14","2020",19.8,29.6,51,939.63,"MANG","post_hb"
"582",1065,1070,2020-07-14,2020-07-14,"07","14","2020",20.1,29.5,53,939.45,"MANG","post_hb"
"583",1070,1075,2020-07-14,2020-07-14,"07","14","2020",20.2,29.6,53,939.18,"MANG","post_hb"
"584",1075,1080,2020-07-14,2020-07-14,"07","14","2020",20.3,29.9,52,939,"MANG","post_hb"
"585",1080,1085,2020-07-14,2020-07-14,"07","14","2020",20.3,29.9,52,938.86,"MANG","post_hb"
"586",1085,1090,2020-07-14,2020-07-14,"07","14","2020",20.3,29.9,52,938.71,"MANG","post_hb"
"587",1090,1095,2020-07-14,2020-07-14,"07","14","2020",20.3,30.1,51,938.61,"MANG","post_hb"
"588",1095,1100,2020-07-14,2020-07-14,"07","14","2020",20.2,30,51,938.55,"MANG","post_hb"
"589",1100,1105,2020-07-14,2020-07-14,"07","14","2020",20.2,30,51,938.45,"MANG","post_hb"
"590",1105,1110,2020-07-14,2020-07-14,"07","14","2020",20.4,30,52,938.43,"MANG","post_hb"
"591",1110,1115,2020-07-14,2020-07-14,"07","14","2020",20.2,29.8,52,938.34,"MANG","post_hb"
"592",1115,1120,2020-07-14,2020-07-14,"07","14","2020",20.3,29.7,53,938.18,"MANG","post_hb"
"593",1120,1125,2020-07-14,2020-07-14,"07","14","2020",20.2,29.6,53,938.16,"MANG","post_hb"
"594",1125,1130,2020-07-14,2020-07-14,"07","14","2020",20.5,29.9,53,938.05,"MANG","post_hb"
"595",1130,1135,2020-07-14,2020-07-14,"07","14","2020",20.4,29.8,53,938.05,"MANG","post_hb"
"596",1135,1140,2020-07-14,2020-07-14,"07","14","2020",20.5,29.7,54,937.9,"MANG","post_hb"
"597",1140,1145,2020-07-14,2020-07-14,"07","14","2020",20.5,29.5,55,937.84,"MANG","post_hb"
"598",1145,1150,2020-07-14,2020-07-14,"07","14","2020",20.3,29.3,55,937.98,"MANG","post_hb"
"599",1150,1155,2020-07-14,2020-07-14,"07","14","2020",20.3,29.3,55,937.91,"MANG","post_hb"
"600",1155,1160,2020-07-14,2020-07-14,"07","14","2020",20.4,29.2,56,937.76,"MANG","post_hb"
"601",1160,1165,2020-07-14,2020-07-14,"07","14","2020",20.4,29.2,56,937.45,"MANG","post_hb"
"602",1165,1170,2020-07-14,2020-07-14,"07","14","2020",20.4,29.2,56,937.3,"MANG","post_hb"
"603",1170,1175,2020-07-14,2020-07-14,"07","14","2020",20.3,29.1,56,937.47,"MANG","post_hb"
"604",1175,1180,2020-07-14,2020-07-14,"07","14","2020",20.2,29,56,937.68,"MANG","post_hb"
"605",1180,1185,2020-07-14,2020-07-14,"07","14","2020",20.1,28.9,56,937.66,"MANG","post_hb"
"606",1185,1190,2020-07-14,2020-07-14,"07","14","2020",20.2,29,56,937.65,"MANG","post_hb"
"607",1190,1195,2020-07-14,2020-07-14,"07","14","2020",20.1,28.9,56,937.79,"MANG","post_hb"
"608",1195,1200,2020-07-14,2020-07-14,"07","14","2020",20.1,28.9,56,937.8,"MANG","post_hb"
"609",1200,1205,2020-07-14,2020-07-14,"07","14","2020",20,28.8,56,937.66,"MANG","post_hb"
"610",1205,1210,2020-07-14,2020-07-14,"07","14","2020",20.2,28.8,57,937.69,"MANG","post_hb"
"611",1210,1215,2020-07-14,2020-07-14,"07","14","2020",20,28.6,57,937.72,"MANG","post_hb"
"612",1215,1220,2020-07-14,2020-07-14,"07","14","2020",20,28.4,58,937.55,"MANG","post_hb"
"613",1220,1225,2020-07-14,2020-07-14,"07","14","2020",19.9,28.1,59,937.44,"MANG","post_hb"
"614",1225,1230,2020-07-14,2020-07-14,"07","14","2020",19.8,27.8,60,937.32,"MANG","post_hb"
"615",1230,1235,2020-07-14,2020-07-14,"07","14","2020",19.7,27.9,59,937.27,"MANG","post_hb"
"616",1235,1240,2020-07-14,2020-07-14,"07","14","2020",19.7,28.1,58,937.41,"MANG","post_hb"
"617",1240,1245,2020-07-14,2020-07-14,"07","14","2020",19.7,28.5,56,937.38,"MANG","post_hb"
"618",1245,1250,2020-07-14,2020-07-14,"07","14","2020",19.4,28.6,54,937.3,"MANG","post_hb"
"619",1250,1255,2020-07-14,2020-07-14,"07","14","2020",19.4,28.6,54,937.27,"MANG","post_hb"
"620",1255,1260,2020-07-14,2020-07-14,"07","14","2020",19.3,28.5,54,937.22,"MANG","post_hb"
"621",1260,1265,2020-07-14,2020-07-14,"07","14","2020",19.3,28.3,55,937.22,"MANG","post_hb"
"622",1265,1270,2020-07-14,2020-07-14,"07","14","2020",19.4,28.2,56,937.19,"MANG","post_hb"
"623",1270,1275,2020-07-14,2020-07-14,"07","14","2020",19.3,27.9,57,937.18,"MANG","post_hb"
"624",1275,1280,2020-07-14,2020-07-14,"07","14","2020",19.4,27.8,58,937.13,"MANG","post_hb"
"625",1280,1285,2020-07-14,2020-07-14,"07","14","2020",19.2,27.6,58,937.13,"MANG","post_hb"
"626",1285,1290,2020-07-14,2020-07-14,"07","14","2020",19.2,27.4,59,937.04,"MANG","post_hb"
"627",1290,1295,2020-07-14,2020-07-14,"07","14","2020",19.1,27.3,59,936.96,"MANG","post_hb"
"628",1295,1300,2020-07-14,2020-07-14,"07","14","2020",19.2,27.2,60,937.01,"MANG","post_hb"
"629",1300,1305,2020-07-14,2020-07-14,"07","14","2020",19.2,27.2,60,937.12,"MANG","post_hb"
"630",1305,1310,2020-07-14,2020-07-14,"07","14","2020",19.1,27.1,60,937.18,"MANG","post_hb"
"631",1310,1315,2020-07-14,2020-07-14,"07","14","2020",19,27,60,937.19,"MANG","post_hb"
"632",1315,1320,2020-07-14,2020-07-14,"07","14","2020",18.8,27,59,937.25,"MANG","post_hb"
"633",1320,1325,2020-07-14,2020-07-14,"07","14","2020",18.8,27,59,937.36,"MANG","post_hb"
"634",1325,1330,2020-07-14,2020-07-14,"07","14","2020",18.9,27.1,59,937.42,"MANG","post_hb"
"635",1330,1335,2020-07-14,2020-07-14,"07","14","2020",18.8,27,59,937.37,"MANG","post_hb"
"636",1335,1340,2020-07-14,2020-07-14,"07","14","2020",18.6,27,58,937.38,"MANG","post_hb"
"637",1340,1345,2020-07-14,2020-07-14,"07","14","2020",18.3,26.9,57,937.31,"MANG","post_hb"
"638",1345,1350,2020-07-14,2020-07-14,"07","14","2020",18.1,26.7,57,937.33,"MANG","post_hb"
"639",1350,1355,2020-07-14,2020-07-14,"07","14","2020",18,26.6,57,937.35,"MANG","post_hb"
"640",1355,1360,2020-07-14,2020-07-14,"07","14","2020",17.9,26.7,56,937.33,"MANG","post_hb"
"641",1360,1365,2020-07-14,2020-07-14,"07","14","2020",17.6,26.8,54,937.21,"MANG","post_hb"
"642",1365,1370,2020-07-14,2020-07-14,"07","14","2020",17.1,26.7,52,937.11,"MANG","post_hb"
"643",1370,1375,2020-07-14,2020-07-14,"07","14","2020",16.9,26.5,52,937.09,"MANG","post_hb"
"644",1375,1380,2020-07-14,2020-07-14,"07","14","2020",16.7,26.3,52,937.07,"MANG","post_hb"
"645",1380,1385,2020-07-14,2020-07-14,"07","14","2020",16.4,26.2,51,937.13,"MANG","post_hb"
"646",1385,1390,2020-07-14,2020-07-14,"07","14","2020",16.3,26.3,50,937.19,"MANG","post_hb"
"647",1390,1395,2020-07-14,2020-07-14,"07","14","2020",16.1,26.1,50,937.22,"MANG","post_hb"
"648",1395,1400,2020-07-14,2020-07-14,"07","14","2020",16.1,25.5,53,937.27,"MANG","post_hb"
"649",1400,1405,2020-07-14,2020-07-14,"07","14","2020",16,25,55,937.31,"MANG","post_hb"
"650",1405,1410,2020-07-14,2020-07-14,"07","14","2020",16.2,24.8,57,937.36,"MANG","post_hb"
"651",1410,1415,2020-07-14,2020-07-14,"07","14","2020",16.4,25,57,937.48,"MANG","post_hb"
"652",1415,1420,2020-07-14,2020-07-14,"07","14","2020",16.6,25.4,56,937.54,"MANG","post_hb"
"653",1420,1425,2020-07-14,2020-07-14,"07","14","2020",16.7,25.5,56,937.56,"MANG","post_hb"
"654",1425,1430,2020-07-14,2020-07-14,"07","14","2020",16.9,25.9,55,937.63,"MANG","post_hb"
"655",1430,1435,2020-07-14,2020-07-14,"07","14","2020",16.8,25.8,55,937.61,"MANG","post_hb"
"656",1435,1440,2020-07-14,2020-07-14,"07","14","2020",16.8,25.8,55,937.7,"MANG","post_hb"
"657",0,5,2020-07-14,2020-07-14,"07","14","2020",16.8,25.6,56,937.74,"MANG","post_hb"
"658",5,10,2020-07-14,2020-07-14,"07","14","2020",16.6,25.2,57,937.81,"MANG","post_hb"
"659",10,15,2020-07-14,2020-07-14,"07","14","2020",16.5,25.1,57,937.96,"MANG","post_hb"
"660",15,20,2020-07-14,2020-07-14,"07","14","2020",16.2,24.8,57,937.96,"MANG","post_hb"
"661",20,25,2020-07-14,2020-07-14,"07","14","2020",16.2,24.4,59,937.99,"MANG","post_hb"
"662",25,30,2020-07-14,2020-07-14,"07","14","2020",16.4,24.6,59,937.95,"MANG","post_hb"
"663",30,35,2020-07-14,2020-07-14,"07","14","2020",16.7,24.9,59,937.94,"MANG","post_hb"
"664",35,40,2020-07-14,2020-07-14,"07","14","2020",16.9,25.3,58,938.12,"MANG","post_hb"
"665",40,45,2020-07-14,2020-07-14,"07","14","2020",17.2,25.4,59,938.3,"MANG","post_hb"
"666",45,50,2020-07-14,2020-07-14,"07","14","2020",17.4,26.2,56,938.29,"MANG","post_hb"
"667",50,55,2020-07-14,2020-07-14,"07","14","2020",17.4,27,52,938.36,"MANG","post_hb"
"668",55,60,2020-07-14,2020-07-14,"07","14","2020",17.4,27.4,50,938.36,"MANG","post_hb"
"669",60,65,2020-07-14,2020-07-14,"07","14","2020",17.4,28.2,46,938.38,"MANG","post_hb"
"670",65,70,2020-07-14,2020-07-14,"07","14","2020",17.4,28.2,46,938.48,"MANG","post_hb"
"671",70,75,2020-07-14,2020-07-14,"07","14","2020",17.8,28.8,45,938.52,"MANG","post_hb"
"672",75,80,2020-07-14,2020-07-14,"07","14","2020",17.5,29.1,42,938.56,"MANG","post_hb"
"673",80,85,2020-07-14,2020-07-14,"07","14","2020",17.4,29,42,938.56,"MANG","post_hb"
"674",85,90,2020-07-14,2020-07-14,"07","14","2020",17.2,29,41,938.56,"MANG","post_hb"
"675",90,95,2020-07-14,2020-07-14,"07","14","2020",17.4,29.2,41,938.56,"MANG","post_hb"
"676",95,100,2020-07-14,2020-07-14,"07","14","2020",17.4,29.6,39,938.61,"MANG","post_hb"
"677",100,105,2020-07-14,2020-07-14,"07","14","2020",17.6,30.2,37,938.74,"MANG","post_hb"
"678",105,110,2020-07-14,2020-07-14,"07","14","2020",17.3,30.3,35,938.82,"MANG","post_hb"
"679",110,115,2020-07-14,2020-07-14,"07","14","2020",17.3,30.3,35,938.86,"MANG","post_hb"
"680",115,120,2020-07-14,2020-07-14,"07","14","2020",17.2,30.4,34,938.86,"MANG","post_hb"
"681",120,125,2020-07-14,2020-07-14,"07","14","2020",17.3,30.5,34,938.9,"MANG","post_hb"
"682",125,130,2020-07-14,2020-07-14,"07","14","2020",17.3,30.5,34,938.91,"MANG","post_hb"
"683",130,135,2020-07-14,2020-07-14,"07","14","2020",17.2,30.8,32,938.92,"MANG","post_hb"
"684",135,140,2020-07-14,2020-07-14,"07","14","2020",17.6,31.2,32,938.96,"MANG","post_hb"
"685",140,145,2020-07-14,2020-07-14,"07","14","2020",17.7,31.5,31,938.97,"MANG","post_hb"
"686",145,150,2020-07-14,2020-07-14,"07","14","2020",17.9,31.9,30,939,"MANG","post_hb"
"687",150,155,2020-07-14,2020-07-14,"07","14","2020",18.8,32.8,30,939.01,"MANG","post_hb"
"688",155,160,2020-07-14,2020-07-14,"07","14","2020",19.5,34.3,26,938.99,"MANG","post_hb"
"689",160,165,2020-07-14,2020-07-14,"07","14","2020",19.2,34.2,25,938.96,"MANG","post_hb"
"690",165,170,2020-07-14,2020-07-14,"07","14","2020",19.1,34.1,25,938.96,"MANG","post_hb"
"691",170,175,2020-07-14,2020-07-14,"07","14","2020",19.4,34.4,25,938.93,"MANG","post_hb"
"692",175,180,2020-07-14,2020-07-14,"07","14","2020",19.6,34.6,25,938.87,"MANG","post_hb"
"693",180,185,2020-07-14,2020-07-14,"07","14","2020",20.8,36.2,23,938.87,"MANG","post_hb"
"694",185,190,2020-07-14,2020-07-14,"07","14","2020",20.1,35.5,23,938.89,"MANG","post_hb"
"695",190,195,2020-07-14,2020-07-14,"07","14","2020",19.9,35.1,24,938.93,"MANG","post_hb"
"696",195,200,2020-07-14,2020-07-14,"07","14","2020",20,35.2,24,938.92,"MANG","post_hb"
"697",200,205,2020-07-14,2020-07-14,"07","14","2020",20,35.4,23,938.93,"MANG","post_hb"
"698",205,210,2020-07-14,2020-07-14,"07","14","2020",20.2,35.6,23,938.92,"MANG","post_hb"
"699",210,215,2020-07-14,2020-07-14,"07","14","2020",21,36.6,22,938.91,"MANG","post_hb"
"700",215,220,2020-07-14,2020-07-14,"07","14","2020",21.1,36.7,22,938.89,"MANG","post_hb"
"701",220,225,2020-07-14,2020-07-14,"07","14","2020",21.2,36.8,22,938.85,"MANG","post_hb"
"702",225,230,2020-07-14,2020-07-14,"07","14","2020",21.6,37.2,22,938.89,"MANG","post_hb"
"703",230,235,2020-07-14,2020-07-14,"07","14","2020",21,36.8,21,938.89,"MANG","post_hb"
"704",235,240,2020-07-14,2020-07-14,"07","14","2020",21.1,36.9,21,938.87,"MANG","post_hb"
"705",240,245,2020-07-14,2020-07-14,"07","14","2020",21,36.6,22,938.83,"MANG","post_hb"
"706",245,250,2020-07-14,2020-07-14,"07","14","2020",20.7,36.5,21,938.82,"MANG","post_hb"
"707",250,255,2020-07-14,2020-07-14,"07","14","2020",20.9,36.7,21,938.8,"MANG","post_hb"
"708",255,260,2020-07-14,2020-07-14,"07","14","2020",21.6,37.4,21,938.77,"MANG","post_hb"
"709",260,265,2020-07-14,2020-07-14,"07","14","2020",22,38,20,938.74,"MANG","post_hb"
"710",265,270,2020-07-14,2020-07-14,"07","14","2020",21.5,37.5,20,938.76,"MANG","post_hb"
"711",270,275,2020-07-14,2020-07-14,"07","14","2020",21.5,37.5,20,938.78,"MANG","post_hb"
"712",275,280,2020-07-14,2020-07-14,"07","14","2020",21,37,20,938.84,"MANG","post_hb"
"713",280,285,2020-07-14,2020-07-14,"07","14","2020",21.3,37.3,20,938.94,"MANG","post_hb"
"714",285,290,2020-07-14,2020-07-14,"07","14","2020",21.1,36.9,21,938.97,"MANG","post_hb"
"715",290,295,2020-07-14,2020-07-14,"07","14","2020",20.2,36,21,939.05,"MANG","post_hb"
"716",295,300,2020-07-14,2020-07-14,"07","14","2020",19.8,35.4,22,939.08,"MANG","post_hb"
"717",300,305,2020-07-14,2020-07-14,"07","14","2020",19.5,35.1,22,939.08,"MANG","post_hb"
"718",305,310,2020-07-14,2020-07-14,"07","14","2020",19.7,35.3,22,939.03,"MANG","post_hb"
"719",310,315,2020-07-14,2020-07-14,"07","14","2020",21.2,37,21,938.87,"MANG","post_hb"
"720",315,320,2020-07-14,2020-07-14,"07","14","2020",22.5,38.5,20,938.8,"MANG","post_hb"
"721",320,325,2020-07-14,2020-07-14,"07","14","2020",22.3,38.5,19,938.76,"MANG","post_hb"
"722",325,330,2020-07-14,2020-07-14,"07","14","2020",22.4,38.6,19,938.75,"MANG","post_hb"
"723",330,335,2020-07-14,2020-07-14,"07","14","2020",23.2,39.4,19,938.69,"MANG","post_hb"
"724",335,340,2020-07-14,2020-07-14,"07","14","2020",23.1,39.3,19,938.63,"MANG","post_hb"
"725",340,345,2020-07-14,2020-07-14,"07","14","2020",23.1,39.5,18,938.6,"MANG","post_hb"
"726",345,350,2020-07-14,2020-07-14,"07","14","2020",23.5,39.9,18,938.58,"MANG","post_hb"
"727",350,355,2020-07-14,2020-07-14,"07","14","2020",23.1,39.5,18,938.57,"MANG","post_hb"
"728",355,360,2020-07-14,2020-07-14,"07","14","2020",23.8,40.2,18,938.59,"MANG","post_hb"
"729",360,365,2020-07-14,2020-07-14,"07","14","2020",23.2,39.6,18,938.56,"MANG","post_hb"
"730",365,370,2020-07-14,2020-07-14,"07","14","2020",23.8,40.2,18,938.57,"MANG","post_hb"
"731",370,375,2020-07-14,2020-07-14,"07","14","2020",23.9,40.3,18,938.55,"MANG","post_hb"
"732",375,380,2020-07-14,2020-07-14,"07","14","2020",24.7,41.3,17,938.54,"MANG","post_hb"
"733",380,385,2020-07-14,2020-07-14,"07","14","2020",24.1,40.5,18,938.53,"MANG","post_hb"
"734",385,390,2020-07-14,2020-07-14,"07","14","2020",23.9,40.3,18,938.44,"MANG","post_hb"
"735",390,395,2020-07-14,2020-07-14,"07","14","2020",24.1,40.5,18,938.39,"MANG","post_hb"
"736",395,400,2020-07-14,2020-07-14,"07","14","2020",24.6,41.2,17,938.36,"MANG","post_hb"
"737",400,405,2020-07-14,2020-07-14,"07","14","2020",24.6,41.2,17,938.33,"MANG","post_hb"
"738",405,410,2020-07-14,2020-07-14,"07","14","2020",24.6,41.2,17,938.27,"MANG","post_hb"
"739",410,415,2020-07-14,2020-07-14,"07","14","2020",24.8,41.4,17,938.27,"MANG","post_hb"
"740",415,420,2020-07-14,2020-07-14,"07","14","2020",24.9,41.7,16,938.21,"MANG","post_hb"
"741",420,425,2020-07-14,2020-07-14,"07","14","2020",24.9,41.7,16,938.13,"MANG","post_hb"
"742",425,430,2020-07-14,2020-07-14,"07","14","2020",25.4,42.2,16,938.07,"MANG","post_hb"
"743",430,435,2020-07-14,2020-07-14,"07","14","2020",26,43,15,937.95,"MANG","post_hb"
"744",435,440,2020-07-14,2020-07-14,"07","14","2020",25.6,42.6,15,937.94,"MANG","post_hb"
"745",440,445,2020-07-14,2020-07-14,"07","14","2020",25.6,42.6,15,937.89,"MANG","post_hb"
"746",445,450,2020-07-14,2020-07-14,"07","14","2020",25.9,42.7,16,937.83,"MANG","post_hb"
"747",450,455,2020-07-14,2020-07-14,"07","14","2020",26.2,43.2,15,937.76,"MANG","post_hb"
"748",455,460,2020-07-14,2020-07-14,"07","14","2020",25.5,42.5,15,937.74,"MANG","post_hb"
"749",460,465,2020-07-14,2020-07-14,"07","14","2020",25.5,42.5,15,937.67,"MANG","post_hb"
"750",465,470,2020-07-14,2020-07-14,"07","14","2020",25.8,42.8,15,937.62,"MANG","post_hb"
"751",470,475,2020-07-14,2020-07-14,"07","14","2020",25.9,42.9,15,937.58,"MANG","post_hb"
"752",475,480,2020-07-14,2020-07-14,"07","14","2020",26.1,43.1,15,937.5,"MANG","post_hb"
"753",480,485,2020-07-14,2020-07-14,"07","14","2020",26.2,43.4,14,937.43,"MANG","post_hb"
"754",485,490,2020-07-14,2020-07-14,"07","14","2020",26.3,43.5,14,937.42,"MANG","post_hb"
"755",490,495,2020-07-14,2020-07-14,"07","14","2020",26.6,43.8,14,937.36,"MANG","post_hb"
"756",495,500,2020-07-14,2020-07-14,"07","14","2020",26.3,43.5,14,937.32,"MANG","post_hb"
"757",500,505,2020-07-14,2020-07-14,"07","14","2020",26.4,43.6,14,937.33,"MANG","post_hb"
"758",505,510,2020-07-14,2020-07-14,"07","14","2020",26.6,43.8,14,937.32,"MANG","post_hb"
"759",510,515,2020-07-14,2020-07-14,"07","14","2020",27,44.2,14,937.29,"MANG","post_hb"
"760",515,520,2020-07-14,2020-07-14,"07","14","2020",26.3,43.5,14,937.32,"MANG","post_hb"
"761",520,525,2020-07-14,2020-07-14,"07","14","2020",25.9,43.1,14,937.23,"MANG","post_hb"
"762",525,530,2020-07-14,2020-07-14,"07","14","2020",26.8,44,14,937.16,"MANG","post_hb"
"763",530,535,2020-07-14,2020-07-14,"07","14","2020",26.6,44,13,937.12,"MANG","post_hb"
"764",535,540,2020-07-14,2020-07-14,"07","14","2020",26.2,43.4,14,937.08,"MANG","post_hb"
"765",540,545,2020-07-14,2020-07-14,"07","14","2020",26,43.2,14,937.07,"MANG","post_hb"
"766",545,550,2020-07-14,2020-07-14,"07","14","2020",26.5,43.7,14,937.05,"MANG","post_hb"
"767",550,555,2020-07-14,2020-07-14,"07","14","2020",26.3,43.5,14,937.01,"MANG","post_hb"
"768",555,560,2020-07-14,2020-07-14,"07","14","2020",26.9,44.1,14,936.97,"MANG","post_hb"
"769",560,565,2020-07-14,2020-07-14,"07","14","2020",26.9,44.1,14,936.91,"MANG","post_hb"
"770",565,570,2020-07-14,2020-07-14,"07","14","2020",27.1,44.3,14,936.9,"MANG","post_hb"
"771",570,575,2020-07-14,2020-07-14,"07","14","2020",27.3,44.5,14,936.83,"MANG","post_hb"
"772",575,580,2020-07-14,2020-07-14,"07","14","2020",26.7,43.9,14,936.85,"MANG","post_hb"
"773",580,585,2020-07-14,2020-07-14,"07","14","2020",27,44,15,936.84,"MANG","post_hb"
"774",585,590,2020-07-14,2020-07-14,"07","14","2020",26.7,43.9,14,936.79,"MANG","post_hb"
"775",590,595,2020-07-14,2020-07-14,"07","14","2020",26.9,43.9,15,936.8,"MANG","post_hb"
"776",595,600,2020-07-14,2020-07-14,"07","14","2020",27,44.2,14,936.77,"MANG","post_hb"
"777",600,605,2020-07-14,2020-07-14,"07","14","2020",26.7,44.1,13,936.73,"MANG","post_hb"
"778",605,610,2020-07-14,2020-07-14,"07","14","2020",26.6,44,13,936.69,"MANG","post_hb"
"779",610,615,2020-07-14,2020-07-14,"07","14","2020",26.8,44,14,936.65,"MANG","post_hb"
"780",615,620,2020-07-14,2020-07-14,"07","14","2020",26.9,44.1,14,936.6,"MANG","post_hb"
"781",620,625,2020-07-14,2020-07-14,"07","14","2020",26.7,43.9,14,936.57,"MANG","post_hb"
"782",625,630,2020-07-14,2020-07-14,"07","14","2020",26.6,44,13,936.53,"MANG","post_hb"
"783",630,635,2020-07-14,2020-07-14,"07","14","2020",26.7,43.9,14,936.44,"MANG","post_hb"
"784",635,640,2020-07-14,2020-07-14,"07","14","2020",26.6,43.8,14,936.44,"MANG","post_hb"
"785",640,645,2020-07-14,2020-07-14,"07","14","2020",26.8,44,14,936.38,"MANG","post_hb"
"786",645,650,2020-07-14,2020-07-14,"07","14","2020",26.5,43.7,14,936.36,"MANG","post_hb"
"787",650,655,2020-07-14,2020-07-14,"07","14","2020",26.6,43.8,14,936.37,"MANG","post_hb"
"788",655,660,2020-07-14,2020-07-14,"07","14","2020",26.4,43.6,14,936.28,"MANG","post_hb"
"789",660,665,2020-07-14,2020-07-14,"07","14","2020",26.2,43.4,14,936.22,"MANG","post_hb"
"790",665,670,2020-07-14,2020-07-14,"07","14","2020",26.1,43.3,14,936.19,"MANG","post_hb"
"791",670,675,2020-07-14,2020-07-14,"07","14","2020",26.1,43.3,14,936.12,"MANG","post_hb"
"792",675,680,2020-07-14,2020-07-14,"07","14","2020",26.3,43.5,14,936.06,"MANG","post_hb"
"793",680,685,2020-07-14,2020-07-14,"07","14","2020",26.4,43.6,14,936.04,"MANG","post_hb"
"794",685,690,2020-07-14,2020-07-14,"07","14","2020",26.3,43.5,14,935.95,"MANG","post_hb"
"795",690,695,2020-07-14,2020-07-14,"07","14","2020",26.3,43.5,14,935.89,"MANG","post_hb"
"796",695,700,2020-07-14,2020-07-14,"07","14","2020",26.2,43.4,14,935.8,"MANG","post_hb"
"797",700,705,2020-07-14,2020-07-14,"07","14","2020",26.1,43.5,13,935.72,"MANG","post_hb"
"798",705,710,2020-07-14,2020-07-14,"07","14","2020",26,43.4,13,935.66,"MANG","post_hb"
"799",710,715,2020-07-14,2020-07-14,"07","14","2020",26.1,43.5,13,935.61,"MANG","post_hb"
"800",715,720,2020-07-14,2020-07-14,"07","14","2020",26,43.2,14,935.6,"MANG","post_hb"
"801",720,725,2020-07-14,2020-07-14,"07","14","2020",25.8,43.2,13,935.57,"MANG","post_hb"
"802",725,730,2020-07-14,2020-07-14,"07","14","2020",25.7,43.1,13,935.53,"MANG","post_hb"
"803",730,735,2020-07-14,2020-07-14,"07","14","2020",25.6,43,13,935.51,"MANG","post_hb"
"804",735,740,2020-07-14,2020-07-14,"07","14","2020",25.7,43.1,13,935.5,"MANG","post_hb"
"805",740,745,2020-07-14,2020-07-14,"07","14","2020",25.7,43.1,13,935.45,"MANG","post_hb"
"806",745,750,2020-07-14,2020-07-14,"07","14","2020",25.6,43,13,935.43,"MANG","post_hb"
"807",750,755,2020-07-14,2020-07-14,"07","14","2020",25.7,43.1,13,935.42,"MANG","post_hb"
"808",755,760,2020-07-14,2020-07-14,"07","14","2020",25.4,42.6,14,935.48,"MANG","post_hb"
"809",760,765,2020-07-14,2020-07-14,"07","14","2020",24.9,41.3,18,935.52,"MANG","post_hb"
"810",765,770,2020-07-14,2020-07-14,"07","14","2020",24.6,40.8,19,935.5,"MANG","post_hb"
"811",770,775,2020-07-14,2020-07-14,"07","14","2020",24.3,40.5,19,935.53,"MANG","post_hb"
"812",775,780,2020-07-14,2020-07-14,"07","14","2020",24.4,40.4,20,935.63,"MANG","post_hb"
"813",780,785,2020-07-14,2020-07-14,"07","14","2020",24,40.2,19,935.65,"MANG","post_hb"
"814",785,790,2020-07-14,2020-07-14,"07","14","2020",24,40,20,935.7,"MANG","post_hb"
"815",790,795,2020-07-14,2020-07-14,"07","14","2020",23.7,39.7,20,935.73,"MANG","post_hb"
"816",795,800,2020-07-14,2020-07-14,"07","14","2020",23.6,39.4,21,935.73,"MANG","post_hb"
"817",800,805,2020-07-14,2020-07-14,"07","14","2020",23.4,39.2,21,935.81,"MANG","post_hb"
"818",805,810,2020-07-14,2020-07-14,"07","14","2020",23,38.8,21,935.88,"MANG","post_hb"
"819",810,815,2020-07-14,2020-07-14,"07","14","2020",22.7,38.5,21,935.87,"MANG","post_hb"
"820",815,820,2020-07-14,2020-07-14,"07","14","2020",22.7,38.3,22,935.84,"MANG","post_hb"
"821",820,825,2020-07-14,2020-07-14,"07","14","2020",22.4,38.2,21,935.82,"MANG","post_hb"
"822",825,830,2020-07-14,2020-07-14,"07","14","2020",22.4,38.2,21,935.8,"MANG","post_hb"
"823",830,835,2020-07-14,2020-07-14,"07","14","2020",22.3,37.9,22,935.77,"MANG","post_hb"
"824",835,840,2020-07-14,2020-07-14,"07","14","2020",22.1,37.7,22,935.74,"MANG","post_hb"
"825",840,845,2020-07-14,2020-07-14,"07","14","2020",21.9,37.5,22,935.74,"MANG","post_hb"
"826",845,850,2020-07-14,2020-07-14,"07","14","2020",21.7,37.1,23,935.76,"MANG","post_hb"
"827",850,855,2020-07-14,2020-07-14,"07","14","2020",21.4,36.8,23,935.66,"MANG","post_hb"
"828",855,860,2020-07-14,2020-07-14,"07","14","2020",21.3,36.7,23,935.5,"MANG","post_hb"
"829",860,865,2020-07-14,2020-07-14,"07","14","2020",21.3,36.5,24,935.3,"MANG","post_hb"
"830",865,870,2020-07-14,2020-07-14,"07","14","2020",21.1,36.3,24,935.29,"MANG","post_hb"
"831",870,875,2020-07-14,2020-07-14,"07","14","2020",21.1,36.3,24,935.44,"MANG","post_hb"
"832",875,880,2020-07-14,2020-07-14,"07","14","2020",21,36.2,24,935.79,"MANG","post_hb"
"833",880,885,2020-07-14,2020-07-14,"07","14","2020",20.9,36.1,24,936.12,"MANG","post_hb"
"834",885,890,2020-07-14,2020-07-14,"07","14","2020",20.9,36.1,24,936.17,"MANG","post_hb"
"835",890,895,2020-07-14,2020-07-14,"07","14","2020",20.7,36.1,23,936.27,"MANG","post_hb"
"836",895,900,2020-07-14,2020-07-14,"07","14","2020",20.6,35.8,24,936.38,"MANG","post_hb"
"837",900,905,2020-07-14,2020-07-14,"07","14","2020",20.6,35.6,25,936.4,"MANG","post_hb"
"838",905,910,2020-07-14,2020-07-14,"07","14","2020",20.4,35.2,26,936.56,"MANG","post_hb"
"839",910,915,2020-07-14,2020-07-14,"07","14","2020",20.4,34.8,28,936.66,"MANG","post_hb"
"840",915,920,2020-07-14,2020-07-14,"07","14","2020",20.5,34.5,30,936.75,"MANG","post_hb"
"841",920,925,2020-07-14,2020-07-14,"07","14","2020",20.5,34.3,31,936.79,"MANG","post_hb"
"842",925,930,2020-07-14,2020-07-14,"07","14","2020",20.5,34.1,32,936.87,"MANG","post_hb"
"843",930,935,2020-07-14,2020-07-14,"07","14","2020",20.6,33.8,34,936.98,"MANG","post_hb"
"844",935,940,2020-07-14,2020-07-14,"07","14","2020",20.9,33.7,36,937.09,"MANG","post_hb"
"845",940,945,2020-07-14,2020-07-14,"07","14","2020",20.7,33.5,36,937.17,"MANG","post_hb"
"846",945,950,2020-07-14,2020-07-14,"07","14","2020",20.8,33.4,37,937.19,"MANG","post_hb"
"847",950,955,2020-07-14,2020-07-14,"07","14","2020",20.7,33.3,37,937.31,"MANG","post_hb"
"848",955,960,2020-07-14,2020-07-14,"07","14","2020",20.6,33.2,37,937.26,"MANG","post_hb"
"849",960,965,2020-07-14,2020-07-14,"07","14","2020",20.5,33.1,37,937.31,"MANG","post_hb"
"850",965,970,2020-07-14,2020-07-14,"07","14","2020",20.6,33,38,937.55,"MANG","post_hb"
"851",970,975,2020-07-14,2020-07-14,"07","14","2020",20.5,32.9,38,937.6,"MANG","post_hb"
"852",975,980,2020-07-14,2020-07-14,"07","14","2020",20.4,32.8,38,937.54,"MANG","post_hb"
"853",980,985,2020-07-14,2020-07-14,"07","14","2020",20.2,32.6,38,937.68,"MANG","post_hb"
"854",985,990,2020-07-14,2020-07-14,"07","14","2020",20.1,32.5,38,937.67,"MANG","post_hb"
"855",990,995,2020-07-14,2020-07-14,"07","14","2020",19.9,32.3,38,937.57,"MANG","post_hb"
"856",995,1000,2020-07-14,2020-07-14,"07","14","2020",19.9,32.1,39,937.83,"MANG","post_hb"
"857",1000,1005,2020-07-14,2020-07-14,"07","14","2020",19.7,31.9,39,938.62,"MANG","post_hb"
"858",1005,1010,2020-07-14,2020-07-14,"07","14","2020",19.8,31.8,40,938.82,"MANG","post_hb"
"859",1010,1015,2020-07-14,2020-07-14,"07","14","2020",19.9,32.1,39,938.78,"MANG","post_hb"
"860",1015,1020,2020-07-14,2020-07-14,"07","14","2020",20,32,40,938.63,"MANG","post_hb"
"861",1020,1025,2020-07-14,2020-07-14,"07","14","2020",20,32.6,37,938.57,"MANG","post_hb"
"862",1025,1030,2020-07-14,2020-07-14,"07","14","2020",20.1,32.7,37,938.82,"MANG","post_hb"
"863",1030,1035,2020-07-14,2020-07-14,"07","14","2020",19.7,32.9,34,938.32,"MANG","post_hb"
"864",1035,1040,2020-07-14,2020-07-14,"07","14","2020",19.7,32.9,34,938.6,"MANG","post_hb"
